,video,short-term_memorability,long-term_memorability
0,7494,0.8591108322143555,0.7580577731132507
1,7495,0.7803500294685364,0.7708762884140015
2,7496,0.9256878495216371,0.8172463774681091
3,7497,0.8555693626403809,0.7698773741722107
4,7498,0.833014190196991,0.6956512928009033
5,7499,0.9227426648139954,0.7728778719902039
6,7500,0.8458417057991028,0.7427151799201965
7,7502,0.8506916761398315,0.7881159782409668
8,7503,0.879328727722168,0.7685008049011229
9,7504,0.8725685477256775,0.7899812459945679
10,7505,0.8651756048202515,0.8020273447036743
11,7506,0.8204838633537292,0.6897059082984924
12,7507,0.8662387132644653,0.7451142668724059
13,7508,0.8769347667694092,0.7747926115989685
14,7510,0.8512942790985107,0.7629845142364502
15,7511,0.907969892024994,0.8587856292724609
16,7513,0.8856334090232849,0.8039524555206299
17,7515,0.8917417526245117,0.8123384118080139
18,7516,0.9037116169929504,0.8427756428718567
19,7517,0.8378379344940186,0.7542223930358887
20,7518,0.8889161348342896,0.7980068325996399
21,7519,0.8766089677810669,0.7477853298187256
22,7520,0.8496600389480591,0.7943519949913025
23,7521,0.8625227808952332,0.7631221413612366
24,7522,0.8726242184638977,0.7739378809928894
25,7523,0.889299213886261,0.8304814100265503
26,7524,0.8969820141792297,0.8238300085067749
27,7525,0.8848869800567627,0.841088593006134
28,7526,0.8804467916488647,0.7953270673751831
29,7527,0.8766291737556458,0.8039384484291077
30,7528,0.8059087991714478,0.730164647102356
31,7530,0.8874330520629883,0.8149060010910034
32,7531,0.8625401854515076,0.7659609317779541
33,7532,0.8265870809555054,0.7731767296791077
34,7533,0.902780532836914,0.8997173309326172
35,7534,0.8957549929618835,0.8519566059112549
36,7535,0.8481892943382263,0.7295612096786499
37,7536,0.8435429334640503,0.7261825799942017
38,7538,0.879258394241333,0.7912952303886414
39,7539,0.8740382790565491,0.7860647439956665
40,7540,0.8755401372909546,0.7704631090164185
41,7541,0.8542001843452454,0.7596101164817809
42,7542,0.9181643724441528,0.8546881675720215
43,7543,0.7726130485534668,0.6818065643310547
44,7544,0.8874050974845886,0.8474688529968262
45,7545,0.91053569316864,0.8542693853378296
46,7546,0.8950577974319458,0.8213625550270081
47,7548,0.8756142854690552,0.7761841416358948
48,7549,0.8970690369606018,0.8163876533508301
49,7550,0.8947730064392091,0.7986598014831543
50,7552,0.7714851498603821,0.6623995900154114
51,7554,0.8725234270095825,0.7753488421440125
52,7555,0.840821385383606,0.7827547788619995
53,7556,0.8512783646583557,0.7115791440010071
54,7558,0.8219504356384277,0.7271010875701904
55,7560,0.861872673034668,0.7592895627021791
56,7562,0.8530934453010559,0.7829160690307617
57,7563,0.8800132274627686,0.7998580932617188
58,7565,0.8290810585021973,0.7396331429481506
59,7566,0.8904802799224854,0.780959963798523
60,7567,0.8132748603820801,0.7002204656600952
61,7568,0.8680828809738159,0.7518987059593201
62,7569,0.865676760673523,0.7816950678825378
63,7571,0.8986206650733948,0.8162797689437866
64,7572,0.8702424764633179,0.7780863046646118
65,7573,0.855799674987793,0.7756397128105164
66,7574,0.8920347690582275,0.8252279162406921
67,7575,0.8397090435028076,0.7580190300941467
68,7576,0.8175907731056213,0.7246211767196655
69,7578,0.8472608923912048,0.7832342982292175
70,7579,0.8617480993270874,0.7639495730400085
71,7580,0.8605626821517944,0.7653398513793945
72,7581,0.8616117238998413,0.7600231766700745
73,7582,0.8578516840934753,0.7454361319541931
74,7584,0.8729548454284668,0.8436044454574585
75,7585,0.8916833400726318,0.8341962695121765
76,7587,0.8417485952377319,0.7201324701309204
77,7588,0.8534608483314514,0.7584368586540222
78,7589,0.8771098256111145,0.8241121768951416
79,7590,0.901544988155365,0.8264561891555786
80,7591,0.9189035296440125,0.80925053358078
81,7592,0.8424937129020691,0.7391394376754761
82,7593,0.8276423811912537,0.7203899621963501
83,7596,0.9262134432792664,0.8416802883148193
84,7597,0.907363772392273,0.8302140235900879
85,7598,0.8468449115753174,0.7827838659286499
86,7599,0.8521439433097839,0.8031306266784668
87,7600,0.8757621049880981,0.8359604477882385
88,7602,0.8689501285552979,0.7881743311882019
89,7603,0.8487793803215027,0.7424956560134888
90,7604,0.9092902541160583,0.857295572757721
91,7605,0.9254165291786194,0.8509395718574524
92,7606,0.8473159670829773,0.7310051918029785
93,7607,0.8205395340919495,0.7534093856811523
94,7608,0.9207518100738524,0.9628170728683472
95,7609,0.8365050554275513,0.7252504229545593
96,7610,0.9015795588493348,0.8235759139060974
97,7611,0.8914821743965149,0.8086644411087036
98,7612,0.8601723313331604,0.7945870757102966
99,7613,0.8926724791526794,0.8089039921760559
100,7614,0.8912006616592407,0.789364218711853
101,7615,0.8536856174468994,0.7603706121444702
102,7616,0.7762552499771118,0.7207531929016113
103,7617,0.8695876002311707,0.7697354555130005
104,7618,0.7962961196899414,0.7326398491859436
105,7619,0.8738842010498047,0.756190299987793
106,7621,0.8469915390014648,0.7485239505767822
107,7624,0.8090974688529968,0.690615177154541
108,7625,0.8514177799224854,0.7242882251739502
109,7626,0.8512478470802307,0.7857162356376648
110,7627,0.8875333666801453,0.8139691948890686
111,7628,0.8829725384712219,0.8098684549331665
112,7629,0.8437125086784363,0.7411392331123352
113,7631,0.9023034572601318,0.8083236217498779
114,7632,0.9071293473243712,0.846553385257721
115,7633,0.867563784122467,0.8126721382141113
116,7634,0.9070361852645874,0.8759257793426514
117,7635,0.8815504908561707,0.8064479827880859
118,7636,0.8070790767669678,0.7793391942977905
119,7637,0.9003652930259705,0.8517897129058838
120,7638,0.8455018997192383,0.7586835622787476
121,7640,0.8551292419433594,0.7235767245292664
122,7641,0.8334065675735474,0.7509345412254333
123,7642,0.833896815776825,0.7121605277061462
124,7643,0.8976548910140991,0.8125877380371094
125,7644,0.8727923631668091,0.8167885541915894
126,7646,0.8719817399978638,0.7989944219589233
127,7647,0.810572624206543,0.7365305423736572
128,7648,0.8790583610534668,0.7845627665519714
129,7649,0.9011772274971008,0.8537304997444153
130,7650,0.8628321290016174,0.7598809003829956
131,7651,0.8805829882621765,0.8448541760444641
132,7652,0.868728756904602,0.7933255434036255
133,7654,0.8390035033226013,0.752231776714325
134,7655,0.8257692456245422,0.7233050465583801
135,7656,0.8446248769760132,0.7353184223175049
136,7657,0.831262469291687,0.7362861037254333
137,7659,0.8267848491668701,0.7220766544342041
138,7660,0.9310985803604126,0.8677507042884827
139,7661,0.80534428358078,0.6889203190803528
140,7662,0.8675535321235657,0.7466400861740112
141,7664,0.8768992424011229,0.7895691990852356
142,7665,0.8577485680580139,0.7893316149711609
143,7667,0.8473923802375793,0.7668777704238892
144,7669,0.871688187122345,0.7905054092407227
145,7670,0.8610107302665709,0.7828660607337952
146,7671,0.8078108429908752,0.6855788230895996
147,7672,0.8880794644355774,0.8333011269569397
148,7673,0.8969029784202576,0.8393670916557312
149,7674,0.8963889479637146,0.7792747020721436
150,7675,0.9232322573661804,0.872275710105896
151,7676,0.8754166960716248,0.8073937892913818
152,7677,0.7725449204444885,0.6711380481719971
153,7678,0.8940340280532837,0.7696505784988403
154,7679,0.8356102108955383,0.7621347904205322
155,7680,0.8632063269615173,0.789384663105011
156,7681,0.7996883988380432,0.7075230479240417
157,7682,0.8642086386680603,0.7923678755760193
158,7683,0.9108126759529114,0.8180630803108215
159,7686,0.865451455116272,0.7580291032791138
160,7687,0.8833805918693542,0.819370687007904
161,7688,0.7931527495384216,0.6714490056037903
162,7689,0.7488330602645874,0.6347846984863281
163,7690,0.8481660485267639,0.7370058298110962
164,7691,0.8822370767593384,0.8124276399612427
165,7692,0.8001309037208557,0.7092006206512451
166,7694,0.9257274270057678,0.8687065839767456
167,7696,0.8734343647956848,0.7888153195381165
168,7697,0.8986972570419312,0.8149742484092712
169,7698,0.8524028658866882,0.8076099157333374
170,7699,0.8842307329177856,0.7822372913360596
171,7701,0.9002904295921326,0.8344438672065735
172,7702,0.8908816576004028,0.7990515232086182
173,7703,0.7692748904228209,0.6206362247467041
174,7704,0.806864857673645,0.6859400272369385
175,7705,0.8470629453659058,0.7570016384124756
176,7706,0.8952757120132446,0.8012000918388367
177,7707,0.8447664380073547,0.7493988871574402
178,7710,0.90452778339386,0.8409928679466248
179,7711,0.8729929327964783,0.8183314204216003
180,7713,0.8260533213615417,0.7357561588287354
181,7714,0.8483665585517883,0.6976889371871948
182,7715,0.8214105367660522,0.7428525686264038
183,7716,0.8155960440635681,0.6804513335227966
184,7717,0.8854257464408875,0.7896388173103333
185,7718,0.8720322847366333,0.7819837331771851
186,7719,0.8861035704612732,0.7970215082168579
187,7720,0.8687751889228821,0.805233359336853
188,7721,0.8336702585220337,0.7209370136260986
189,7722,0.8880922794342041,0.7790908217430115
190,7723,0.8463160991668701,0.7741191983222961
191,7724,0.9193090796470642,0.894124448299408
192,7725,0.8644735813140869,0.7900376319885254
193,7726,0.8798067569732666,0.7910354137420654
194,7728,0.8806763291358948,0.8419581651687622
195,7729,0.8576615452766418,0.7662826776504517
196,7731,0.8764209151268005,0.7992135286331177
197,7732,0.8365371227264404,0.771824836730957
198,7736,0.9085903763771056,0.8380483388900757
199,7737,0.8704884052276611,0.7938838005065918
200,7738,0.8695447444915771,0.760685384273529
201,7739,0.8690142035484314,0.7820585370063782
202,7740,0.8754844665527344,0.7821057438850403
203,7741,0.8747066259384155,0.7651981115341187
204,7742,0.9261903762817384,0.8852429986000061
205,7743,0.8698898553848267,0.7642679810523987
206,7745,0.8303872346878052,0.7556160092353821
207,7746,0.8070022463798523,0.6966859102249146
208,7748,0.8779767751693726,0.7962239384651184
209,7749,0.8269307017326355,0.7611662149429321
210,7751,0.9051283597946168,0.8501688838005066
211,7752,0.825760543346405,0.759838342666626
212,7753,0.8989537358283997,0.7910987138748169
213,7754,0.8596903085708618,0.7366903424263
214,7756,0.7969424724578857,0.735920786857605
215,7757,0.8900642991065979,0.8104007244110107
216,7758,0.8442615270614624,0.7403541803359985
217,7759,0.8410216569900513,0.8237948417663574
218,7760,0.8707826137542725,0.7962122559547424
219,7761,0.8693239688873291,0.8041341304779053
220,7762,0.8806384205818176,0.7855085134506226
221,7763,0.8654640913009644,0.7792307138442993
222,7769,0.9027104377746582,0.8143902420997621
223,7770,0.864597737789154,0.7712921500205994
224,7771,0.851780116558075,0.769383430480957
225,7772,0.9076566696166992,0.8222346901893616
226,7773,0.8784658312797546,0.8039785027503967
227,7774,0.8995503187179565,0.8091758489608765
228,7775,0.8561398386955261,0.745423436164856
229,7777,0.8459983468055725,0.7055531144142151
230,7780,0.8552111387252808,0.771981418132782
231,7782,0.8924030661582947,0.7922688126564026
232,7783,0.8708100318908691,0.7836886048316956
233,7784,0.8284963965415955,0.7175509929656982
234,7785,0.8523244857788086,0.7427290678024292
235,7786,0.8612807393074036,0.7578749656677246
236,7787,0.8169271945953369,0.7015435695648193
237,7788,0.8880642652511597,0.7864410877227783
238,7789,0.8573795557022095,0.7664940357208252
239,7792,0.8893342614173889,0.8024236559867859
240,7793,0.7248304486274719,0.6288497447967529
241,7795,0.8223699927330017,0.7375895380973816
242,7799,0.8670145869255066,0.7834168076515198
243,7800,0.8489577770233154,0.7798190712928772
244,7801,0.8321958780288696,0.7388346791267395
245,7802,0.8645427823066711,0.7730283737182617
246,7803,0.8651953339576721,0.7377247214317322
247,7804,0.8369671106338501,0.7787094712257385
248,7805,0.7645522952079773,0.7172577381134033
249,7806,0.8285611271858215,0.7948102355003357
250,7807,0.9159888625144958,0.8382341265678406
251,7808,0.90905100107193,0.8426865339279175
252,7809,0.8387117385864258,0.7535476684570312
253,7811,0.8878769874572754,0.7982569336891174
254,7812,0.8412404060363771,0.7925118207931519
255,7813,0.8853526711463928,0.7752724885940552
256,7815,0.8645128011703491,0.7826904654502869
257,7816,0.8586157560348511,0.751846194267273
258,7817,0.8360788822174072,0.7421760559082031
259,7818,0.9024859070777892,0.8463768362998962
260,7819,0.8366588354110718,0.7622528672218323
261,7820,0.8258758783340454,0.8029981851577759
262,7821,0.8443283438682556,0.7640389800071716
263,7822,0.8428009748458862,0.7771964073181152
264,7823,0.8862529993057251,0.8324419260025024
265,7824,0.8761618733406067,0.7650576829910278
266,7825,0.8849058151245117,0.8072418570518494
267,7826,0.8874779343605042,0.8148032426834106
268,7828,0.9062930345535278,0.8371654152870178
269,7830,0.8674564957618713,0.7840586304664612
270,7831,0.8879392743110657,0.8308091759681702
271,7832,0.8497987389564514,0.7590486407279968
272,7833,0.8455476760864258,0.7678101658821106
273,7834,0.8093190789222717,0.7188611030578613
274,7835,0.7740513682365417,0.6532014012336731
275,7837,0.8783265352249146,0.7982959151268005
276,7838,0.9027072787284852,0.8592713475227356
277,7839,0.8693655729293823,0.8022403120994568
278,7840,0.793493926525116,0.6784366965293884
279,7841,0.8439881801605225,0.7723571658134459
280,7842,0.8763549327850342,0.8085242509841919
281,7844,0.8341879844665527,0.7601572871208191
282,7846,0.858790397644043,0.7466828227043152
283,7848,0.8233065605163574,0.7390292286872864
284,7849,0.8536213040351868,0.8054484128952026
285,7851,0.8893156051635742,0.8099198341369629
286,7852,0.8617265224456787,0.7394504547119141
287,7853,0.8520801663398743,0.7621155977249146
288,7854,0.8836438059806824,0.8078358173370361
289,7856,0.863307774066925,0.7881609201431274
290,7858,0.9300540685653688,0.8418455719947815
291,7861,0.9390622973442078,0.8727059960365295
292,7862,0.9078331589698792,0.8271842002868652
293,7863,0.8595028519630432,0.7254217267036438
294,7865,0.8926259279251099,0.8149794936180115
295,7867,0.8943336009979248,0.8120609521865845
296,7868,0.8537833690643309,0.7667211294174194
297,7869,0.8540675044059753,0.8097419142723083
298,7872,0.818740725517273,0.7308148145675659
299,7873,0.887610137462616,0.8088887333869934
300,7874,0.8517093658447266,0.7602790594100952
301,7875,0.8830281496047974,0.8221971392631531
302,7878,0.9202248454093932,0.8522658348083496
303,7879,0.8541353940963745,0.7907332777976991
304,7880,0.8042188286781311,0.6975019574165344
305,7883,0.8889110684394836,0.8001862168312073
306,7884,0.8621956706047058,0.7424502372741699
307,7885,0.87640780210495,0.7816680669784546
308,7886,0.893598735332489,0.8250071406364441
309,7887,0.868030309677124,0.7934818863868713
310,7888,0.8693435192108154,0.8066190481185913
311,7889,0.9054657220840454,0.8022634983062744
312,7890,0.8100165724754333,0.7179003357887268
313,7891,0.8836288452148438,0.8341238498687744
314,7892,0.8912467360496521,0.7879472970962524
315,7893,0.8812641501426697,0.7984874248504639
316,7894,0.8848569989204407,0.7760183215141296
317,7895,0.8434213995933533,0.7639312744140625
318,7896,0.8961625099182129,0.8826524615287781
319,7897,0.8825238347053528,0.8525972962379456
320,7898,0.8845138549804688,0.8351803421974182
321,7899,0.9253385663032532,0.8718824982643127
322,7901,0.8956840038299559,0.8226960897445679
323,7902,0.7799099087715149,0.6800054311752319
324,7903,0.8419456481933594,0.698296844959259
325,7904,0.8821583986282349,0.8173257112503052
326,7906,0.8521174788475037,0.7723786234855652
327,7907,0.8202422261238098,0.6684286594390869
328,7908,0.8603106141090393,0.7885681986808777
329,7909,0.8841997981071472,0.7855250239372253
330,7910,0.8183967471122742,0.7252955436706543
331,7912,0.7892723679542542,0.68513023853302
332,7913,0.8603967428207397,0.7386314868927002
333,7915,0.8685672283172607,0.7435662150382996
334,7916,0.9230496883392334,0.8691000938415527
335,7917,0.8601375222206116,0.7887006402015686
336,7918,0.9117039442062378,0.8464121818542479
337,7919,0.8465843796730042,0.7532274127006531
338,7920,0.8955827951431274,0.8205305933952332
339,7921,0.8959479331970215,0.7890100479125977
340,7923,0.8374399542808533,0.7085586190223694
341,7925,0.8290446996688843,0.7517638206481934
342,7926,0.8776394724845886,0.789117157459259
343,7927,0.8440932035446167,0.7834867835044861
344,7928,0.8585285544395447,0.7988319396972656
345,7929,0.8653193116188049,0.7675353884696959
346,7930,0.9187416434288024,0.8154654502868652
347,7931,0.8451154828071594,0.7665820121765137
348,7933,0.8374764919281006,0.7427266240119934
349,7935,0.9018425941467284,0.8001332879066467
350,7936,0.8201037645339966,0.6838078498840332
351,7939,0.8848477005958557,0.8136394619941711
352,7940,0.8752740621566772,0.7971581816673279
353,7941,0.894422709941864,0.7950842976570129
354,7942,0.9373933672904968,0.8968900442123413
355,7944,0.8649284839630127,0.7884594798088074
356,7945,0.8781002759933472,0.7888133525848389
357,7946,0.8495935201644897,0.7310007810592651
358,7947,0.7835429310798645,0.6899531483650208
359,7948,0.8995556235313416,0.8598049283027649
360,7951,0.8730226755142212,0.8034451603889465
361,7952,0.9240078926086426,0.8313673734664917
362,7953,0.8318718075752258,0.6990702748298645
363,7954,0.882511556148529,0.8438907265663147
364,7955,0.8227324485778809,0.7801696658134459
365,7956,0.8610119223594666,0.7661012411117554
366,7957,0.8625327348709106,0.8126562833786011
367,7958,0.8711304664611816,0.7561315298080444
368,7959,0.8790649771690369,0.785765528678894
369,7961,0.8541810512542725,0.8043997287750244
370,7962,0.8143097162246704,0.7327978014945984
371,7963,0.9075937271118164,0.8127339482307434
372,7964,0.8407081961631775,0.7570357918739319
373,7967,0.9257221221923828,0.8491508960723877
374,7969,0.8089953660964966,0.7149630784988403
375,7970,0.8194087743759155,0.7584230303764343
376,7972,0.8483967781066895,0.7374328374862671
377,7973,0.8742489814758301,0.7686083316802979
378,7975,0.8441388010978699,0.7717660069465637
379,7976,0.8185929656028748,0.7705863714218141
380,7977,0.8513145446777344,0.8081241250038147
381,7980,0.868442952632904,0.7691868543624878
382,7981,0.8552334308624268,0.8398992419242859
383,7983,0.9008567333221436,0.8128581643104553
384,7984,0.8739368319511414,0.780488133430481
385,7985,0.8706136345863342,0.8003354668617249
386,7986,0.9181893467903136,0.8324614763259888
387,7987,0.8469747304916382,0.7792291045188904
388,7988,0.8647294044494629,0.761917769908905
389,7990,0.8845992088317871,0.7939887046813965
390,7991,0.8587803840637207,0.79789799451828
391,7992,0.8942475914955139,0.8564903736114502
392,7993,0.8622778058052063,0.7650431990623474
393,7994,0.8399227857589722,0.7467129826545715
394,7995,0.915025234222412,0.8322786092758179
395,7996,0.8776645064353943,0.7880221605300903
396,7997,0.8897539973258972,0.804742693901062
397,7998,0.8203536868095398,0.7522955536842346
398,7999,0.8543388843536377,0.7852410674095154
399,8000,0.8548281192779541,0.747157096862793
400,8001,0.8446339964866638,0.7551643848419191
401,8002,0.8440366983413696,0.7644774913787842
402,8004,0.8895481824874878,0.7996338009834291
403,8008,0.8938903212547302,0.8461583256721497
404,8009,0.8497273921966553,0.7413298487663269
405,8010,0.8531175851821899,0.760104775428772
406,8012,0.8456105589866638,0.7204242944717407
407,8013,0.8246283531188965,0.7838081121444702
408,8014,0.8708369135856628,0.7814545035362244
409,8015,0.8671045303344727,0.7758064866065979
410,8016,0.9144449234008788,0.8241760730743408
411,8018,0.8659637570381165,0.7291240096092224
412,8019,0.8041563034057617,0.7644311189651489
413,8021,0.7937396168708801,0.7356897592544556
414,8022,0.8246409296989441,0.7393875122070312
415,8023,0.8899394273757935,0.8081316947937012
416,8024,0.8651034235954285,0.798450231552124
417,8026,0.867458701133728,0.7853074669837952
418,8027,0.8915847539901733,0.7942180633544922
419,8028,0.7679120898246765,0.7009311318397522
420,8029,0.8832324743270874,0.7984349727630615
421,8030,0.8381290435791016,0.7162458300590515
422,8032,0.8615675568580627,0.7679359316825867
423,8033,0.8961131572723389,0.8279919624328613
424,8035,0.8944282531738281,0.7953477501869202
425,8036,0.8726176023483276,0.7663043141365051
426,8037,0.8869057297706604,0.7468870878219604
427,8038,0.8520946502685547,0.7768529653549194
428,8040,0.8757456541061401,0.7975075840950012
429,8041,0.8706559538841248,0.7667675018310547
430,8042,0.8978592157363892,0.8259775042533875
431,8043,0.8832222223281859,0.7674638628959656
432,8044,0.8803377151489258,0.7830941081047058
433,8045,0.8894551992416382,0.8389081954956055
434,8047,0.8965193629264832,0.8488035798072815
435,8048,0.8547191023826599,0.7684265375137329
436,8049,0.8292497992515564,0.7364774942398071
437,8050,0.8836451172828674,0.7943763136863708
438,8051,0.9094518423080444,0.8133516311645508
439,8052,0.8562665581703186,0.7796712517738342
440,8054,0.8487808108329773,0.7852069735527039
441,8056,0.8562102913856506,0.7669956088066101
442,8057,0.8691534996032715,0.7929929494857788
443,8058,0.8657250404357909,0.7897961735725403
444,8059,0.8046988844871521,0.7334199547767639
445,8060,0.8867976665496826,0.8079372644424438
446,8061,0.8523698449134827,0.7691153883934021
447,8062,0.7707467079162598,0.6711443066596985
448,8063,0.8356561064720154,0.7324343919754028
449,8064,0.8497191071510315,0.8241845369338989
450,8065,0.8615850806236267,0.772486686706543
451,8066,0.8727180957794191,0.7970028519630432
452,8067,0.8520504832267761,0.7425352334976196
453,8068,0.8860867023468018,0.7596338391304016
454,8069,0.8315263986587524,0.7342608571052551
455,8071,0.8496211171150208,0.7929590940475464
456,8072,0.8895139098167419,0.8095924854278564
457,8073,0.8644025921821594,0.775432288646698
458,8074,0.8448051810264587,0.756923258304596
459,8075,0.8916130661964417,0.7988219857215881
460,8076,0.8658922910690308,0.7628747224807739
461,8077,0.8821944594383241,0.7780595421791077
462,8078,0.8932430148124695,0.8206339478492737
463,8079,0.8717700242996216,0.7734218835830688
464,8080,0.8676325678825378,0.8071896433830261
465,8081,0.8838420510292053,0.820315957069397
466,8082,0.8149982690811157,0.7271430492401123
467,8084,0.8452929258346558,0.7503621578216553
468,8085,0.8082902431488037,0.7057318687438965
469,8086,0.8684660792350769,0.7933093905448914
470,8087,0.8549306988716125,0.7822161912918091
471,8088,0.8343695402145386,0.7762795090675354
472,8089,0.8792446255683899,0.7972265481948853
473,8090,0.8314418196678162,0.7173240184783936
474,8091,0.8938099145889282,0.7803349494934082
475,8092,0.8635479211807251,0.7445303797721863
476,8095,0.905680775642395,0.8459852933883667
477,8096,0.8682138323783875,0.7695347666740417
478,8097,0.8753036260604858,0.7716782689094543
479,8098,0.8656373023986816,0.766159176826477
480,8100,0.8483943343162537,0.7316108942031859
481,8101,0.8035198450088501,0.6990010738372803
482,8102,0.8866564035415649,0.7978177666664124
483,8103,0.9176315069198608,0.8987305164337158
484,8104,0.8002484440803528,0.7244367599487305
485,8105,0.7533674836158752,0.6657519340515137
486,8108,0.8672782778739929,0.7888140082359314
487,8109,0.8559103012084961,0.7912170290946959
488,8110,0.8469186425209045,0.7524927258491516
489,8111,0.8793758749961853,0.7971417307853699
490,8112,0.8609532713890076,0.8074747920036316
491,8113,0.9016174077987672,0.8055543899536133
492,8114,0.8134716749191284,0.7671120166778564
493,8115,0.8166408538818359,0.7764692306518555
494,8118,0.7795236706733704,0.7008012533187866
495,8120,0.8595479130744934,0.7713754773139954
496,8121,0.8923422694206238,0.8835277557373047
497,8122,0.8738412261009216,0.8216684460639954
498,8123,0.8068661689758301,0.7413557767868042
499,8124,0.9078381657600404,0.8048310875892639
500,8126,0.8485450744628906,0.7843502163887024
501,8127,0.8044608831405641,0.7383719086647034
502,8128,0.8207209706306458,0.7174777388572693
503,8131,0.8865256309509277,0.8241932988166809
504,8132,0.8466416001319885,0.7446430921554565
505,8134,0.8289748430252075,0.7436211109161377
506,8136,0.8090668320655823,0.7470311522483826
507,8137,0.8051676750183105,0.7517887353897095
508,8138,0.858210027217865,0.7724926471710205
509,8140,0.8951860070228577,0.7914875745773315
510,8142,0.8468964099884033,0.7386868000030518
511,8145,0.8381388187408447,0.7384386658668518
512,8146,0.8956984281539917,0.878961443901062
513,8147,0.8480158448219299,0.7688950300216675
514,8149,0.8547040224075317,0.7748694419860841
515,8150,0.8542987108230591,0.7501215934753418
516,8151,0.8715046048164368,0.7909083962440491
517,8152,0.8752829432487488,0.7895283102989197
518,8153,0.8487329483032227,0.7677890062332153
519,8155,0.885320246219635,0.8010799288749695
520,8156,0.9077443480491638,0.8537350296974182
521,8157,0.9154433012008668,0.8042439818382263
522,8158,0.8461048603057861,0.7686276435852051
523,8159,0.8660515546798706,0.7773659229278564
524,8161,0.8708423376083374,0.7877207398414612
525,8162,0.8650944232940674,0.773158073425293
526,8163,0.8818496465682983,0.808765709400177
527,8165,0.8931416273117065,0.8214890360832214
528,8166,0.8550037741661072,0.7981948852539062
529,8167,0.8419596552848816,0.7711648941040039
530,8168,0.8694685101509094,0.7711598873138428
531,8169,0.8719756603240967,0.8375722765922546
532,8170,0.868732750415802,0.782709538936615
533,8171,0.8978813290596008,0.800088107585907
534,8172,0.9111731648445128,0.8437834382057191
535,8174,0.8620062470436096,0.7740600705146791
536,8175,0.8569775819778442,0.7515929341316223
537,8178,0.8397321105003357,0.7415717244148254
538,8179,0.886152982711792,0.8054471611976624
539,8180,0.8774681091308594,0.769753098487854
540,8181,0.8449113368988037,0.7594843506813049
541,8182,0.7905139923095703,0.7585898637771606
542,8184,0.8825264573097229,0.7817380428314209
543,8185,0.8891914486885071,0.8107476234436035
544,8186,0.8630642294883728,0.7994555830955505
545,8187,0.8495278358459473,0.7170223593711853
546,8188,0.9151142835617064,0.8494796156883241
547,8189,0.8538830280303955,0.7839539647102356
548,8190,0.875972330570221,0.7873507738113403
549,8191,0.8551520109176636,0.8032866120338441
550,8192,0.8528257012367249,0.7728052139282227
551,8193,0.8439845442771912,0.7572047710418701
552,8194,0.8891012668609619,0.7953352928161621
553,8195,0.8633179068565369,0.79047030210495
554,8196,0.8889479637145996,0.7713752388954163
555,8197,0.8402215242385864,0.7656584382057191
556,8198,0.8736398220062256,0.7894334197044373
557,8199,0.8552899956703186,0.7547982335090637
558,8200,0.8627298474311829,0.7594974637031555
559,8201,0.8445268869400024,0.7683100700378418
560,8202,0.8614104390144348,0.7708206176757812
561,8205,0.8426728248596191,0.7997329235076904
562,8206,0.8771490454673767,0.7907658815383911
563,8207,0.8930349946022034,0.848913848400116
564,8208,0.8633704185485841,0.7670496702194214
565,8209,0.886938750743866,0.8131396770477295
566,8210,0.8630800843238831,0.7653939723968506
567,8211,0.8747111558914185,0.7107584476470947
568,8214,0.8910607099533081,0.8039777278900146
569,8215,0.8780141472816467,0.8355504870414734
570,8216,0.8427906632423401,0.7453365921974182
571,8217,0.7552014589309692,0.6372202634811401
572,8218,0.8629887700080872,0.790337860584259
573,8219,0.8985039591789246,0.836384117603302
574,8220,0.9302809834480286,0.8960350751876831
575,8221,0.8439927101135254,0.7506336569786072
576,8222,0.8861668109893799,0.8141962289810181
577,8224,0.8591364622116089,0.742554247379303
578,8225,0.8557420969009399,0.7661219835281372
579,8226,0.8825433254241943,0.8005300164222717
580,8227,0.8495184183120728,0.7655199766159058
581,8228,0.9275811910629272,0.8775958418846129
582,8229,0.8842779397964478,0.8323760628700256
583,8230,0.8454130291938782,0.7437132000923157
584,8231,0.8437204957008362,0.7882661819458008
585,8233,0.8663353919982909,0.7896373867988586
586,8234,0.8228585124015808,0.7541354894638062
587,8235,0.8571696281433105,0.7789871096611023
588,8236,0.781757652759552,0.6656779646873474
589,8238,0.8829127550125122,0.828774631023407
590,8239,0.9204903841018676,0.8293942809104919
591,8240,0.8586381673812866,0.8134064078330994
592,8241,0.8009045720100403,0.715501606464386
593,8243,0.8489904999732971,0.7557364702224731
594,8245,0.8531373739242554,0.7552693486213684
595,8246,0.8245497941970825,0.7159344553947449
596,8247,0.9342052340507508,0.8707890510559082
597,8249,0.8340201377868652,0.7197962999343872
598,8251,0.8873834609985352,0.7867055535316467
599,8252,0.878314733505249,0.8674917817115784
600,8253,0.8502055406570435,0.7927573919296265
601,8254,0.8899644613265991,0.8007901310920715
602,8256,0.7682797908782959,0.6780344247817993
603,8259,0.8398509025573729,0.7655950784683228
604,8260,0.8644832372665405,0.7684231400489807
605,8261,0.8588922023773193,0.7449197769165039
606,8263,0.8839775323867798,0.7886887192726135
607,8265,0.7863844633102417,0.6280494332313538
608,8266,0.883006751537323,0.79146409034729
609,8267,0.9198551774024964,0.8205330371856691
610,8268,0.8789953589439392,0.790081262588501
611,8269,0.9238824844360352,0.8850815892219543
612,8271,0.8823217153549194,0.7639694213867188
613,8272,0.8366225361824036,0.7733017802238464
614,8274,0.8783876299858093,0.7868557572364807
615,8275,0.8508808612823486,0.7619771957397461
616,8276,0.8473991751670837,0.7543666958808899
617,8277,0.8249863982200623,0.7168067693710327
618,8279,0.8671920299530029,0.7403990030288696
619,8280,0.8936516642570496,0.7981324791908264
620,8282,0.902364194393158,0.8530706763267517
621,8283,0.8609514236450195,0.7463408112525941
622,8284,0.903978168964386,0.8082119226455688
623,8286,0.8585720062255859,0.7744258046150208
624,8287,0.8535975217819214,0.7545849084854126
625,8288,0.8943846821784973,0.8030416369438171
626,8289,0.9274516701698304,0.9164023995399476
627,8290,0.8128322958946228,0.7214527726173401
628,8291,0.8678166270256042,0.7231764197349548
629,8292,0.8158884048461914,0.7413810491561891
630,8293,0.9086096286773682,0.849564254283905
631,8294,0.9164074659347534,0.8485639691352844
632,8295,0.9204204082489014,0.827497661113739
633,8296,0.9521021842956544,0.8632082343101501
634,8297,0.8493658900260925,0.7354971170425415
635,8299,0.8499247431755066,0.7240883708000183
636,8300,0.8584818243980408,0.7620681524276733
637,8301,0.7600217461585999,0.7235865592956543
638,8303,0.9138911962509156,0.8519643545150757
639,8304,0.8623589873313904,0.769633948802948
640,8305,0.8782763481140137,0.7966479659080505
641,8306,0.8925997018814087,0.8137770891189575
642,8308,0.8765480518341064,0.7858113050460815
643,8309,0.8751649260520935,0.8259100317955017
644,8310,0.8979896306991577,0.8292453289031982
645,8311,0.7756879329681396,0.7029946446418762
646,8313,0.8898301720619202,0.8296028971672058
647,8314,0.8867214322090149,0.817072331905365
648,8316,0.7752047777175903,0.7296428680419922
649,8317,0.8418607711791992,0.7205565571784973
650,8318,0.829868733882904,0.7529668211936951
651,8319,0.7489286065101624,0.6657812595367432
652,8322,0.8785318732261658,0.8090865612030029
653,8323,0.8818476796150208,0.8023045063018799
654,8324,0.9298424124717712,0.8996798992156982
655,8325,0.9081298708915709,0.8357687592506409
656,8326,0.9133384823799132,0.8245459794998169
657,8327,0.8299143314361572,0.749866783618927
658,8328,0.8913863897323608,0.7973455190658569
659,8329,0.8441095352172852,0.7754772901535034
660,8330,0.7792552709579468,0.6586058139801025
661,8331,0.916225254535675,0.8067506551742554
662,8333,0.8457835912704468,0.7952399253845215
663,8334,0.8768675327301025,0.814488410949707
664,8335,0.9087387323379515,0.8463721275329591
665,8336,0.8491761088371277,0.8064022660255432
666,8337,0.8719730973243713,0.7667500376701355
667,8338,0.8878687024116516,0.7705441117286682
668,8339,0.8574352860450745,0.7438355088233948
669,8341,0.8567872643470764,0.7516577839851379
670,8344,0.917250156402588,0.9428690671920776
671,8345,0.8625242114067078,0.7490307092666626
672,8346,0.8630013465881348,0.8137618899345398
673,8347,0.8687316775321959,0.785940945148468
674,8348,0.860931396484375,0.7387412786483765
675,8349,0.8862960338592529,0.8149616122245789
676,8350,0.8270801901817322,0.7525457739830017
677,8351,0.884028434753418,0.8016276955604553
678,8352,0.8532564640045166,0.7383382320404053
679,8353,0.8686415553092957,0.7978166341781616
680,8354,0.8188655972480774,0.7319876551628113
681,8355,0.8946403861045837,0.8033872842788696
682,8356,0.8420664668083191,0.7889721393585205
683,8357,0.901020050048828,0.8180230855941772
684,8358,0.9216532707214355,0.8381582498550415
685,8359,0.8278916478157043,0.7909493446350098
686,8360,0.7736143469810486,0.6877740025520325
687,8361,0.8353102803230286,0.7159364819526672
688,8363,0.8523086905479431,0.7543916702270508
689,8364,0.8842661380767822,0.8196566700935364
690,8365,0.8315883278846741,0.7652515172958374
691,8366,0.874896764755249,0.7907547354698181
692,8367,0.841762900352478,0.7625138163566589
693,8368,0.8774049878120422,0.80412757396698
694,8369,0.8297331929206848,0.781067430973053
695,8371,0.8631966710090637,0.7827039957046509
696,8374,0.8838180303573608,0.8209409117698669
697,8375,0.7691299915313721,0.6650922894477844
698,8377,0.9234392642974854,0.8605495691299438
699,8378,0.8791099190711975,0.7624939680099487
700,8379,0.8234234452247621,0.7147780060768127
701,8380,0.7922226190567017,0.6949009299278259
702,8381,0.8145607709884644,0.7017170190811157
703,8382,0.8608215451240541,0.7856715321540833
704,8383,0.8717880845069885,0.7873265147209167
705,8384,0.8818281292915344,0.8139679431915283
706,8385,0.841863751411438,0.7517926692962646
707,8386,0.8264030218124391,0.7398529052734375
708,8387,0.918495774269104,0.8374053835868835
709,8389,0.8827832937240601,0.786235511302948
710,8390,0.8883169293403625,0.8128514885902405
711,8394,0.8099333643913269,0.7233695387840271
712,8395,0.8602317571640015,0.7909752130508423
713,8396,0.8002114295959473,0.8028182387351991
714,8397,0.859498143196106,0.7478572130203247
715,8398,0.8559314608573914,0.766103982925415
716,8399,0.8306214809417725,0.7723492980003357
717,8400,0.8624831438064575,0.7894909381866455
718,8401,0.857283353805542,0.7738313674926758
719,8402,0.7844516038894653,0.7297290563583374
720,8403,0.878027617931366,0.7968934774398804
721,8405,0.835780680179596,0.7732299566268921
722,8406,0.8692554235458374,0.8198260068893433
723,8407,0.9233340620994568,0.8705956935882568
724,8409,0.8648940920829773,0.7653189301490784
725,8410,0.8608508706092834,0.7946834564208984
726,8414,0.8858428597450256,0.7850552201271057
727,8415,0.8935313224792479,0.8059255480766296
728,8420,0.8556048274040222,0.796438992023468
729,8421,0.8415074348449707,0.7349886298179626
730,8422,0.8417387008666992,0.745100200176239
731,8423,0.8327675461769104,0.7609987854957581
732,8425,0.922350525856018,0.8165649771690369
733,8426,0.8458452820777893,0.7703784704208374
734,8427,0.8708661794662476,0.8020510077476501
735,8428,0.8377148509025574,0.7082827091217041
736,8429,0.8628383874893188,0.7751133441925049
737,8430,0.8658736944198608,0.7814887762069702
738,8433,0.8128095865249634,0.7092334628105164
739,8434,0.8315503001213074,0.7432330846786499
740,8435,0.8421711921691895,0.7410560846328735
741,8436,0.9058382511138916,0.8347964882850647
742,8437,0.8428404331207275,0.7499157190322876
743,8438,0.8723816871643066,0.7828319668769836
744,8439,0.8110097646713257,0.7549657225608826
745,8441,0.8579618334770203,0.7591795325279236
746,8442,0.8584712743759155,0.7869578003883362
747,8443,0.8906446099281311,0.8284358978271484
748,8444,0.8674727082252502,0.7823901772499084
749,8446,0.8490042090415955,0.7806717157363892
750,8447,0.8833410143852234,0.7493076920509338
751,8448,0.8946987390518188,0.8117957711219788
752,8449,0.8859846591949463,0.8118786215782166
753,8451,0.8883897662162781,0.8122973442077637
754,8452,0.8701495528221129,0.8182642459869385
755,8453,0.880579948425293,0.8398057222366333
756,8454,0.8990999460220337,0.7869675755500793
757,8455,0.8720571994781494,0.7444416284561157
758,8456,0.831568717956543,0.7289798855781555
759,8458,0.8496859073638916,0.7227078080177307
760,8459,0.8989793658256531,0.8362888693809509
761,8461,0.8645274043083191,0.7607364058494568
762,8464,0.8615127205848694,0.7803626060485841
763,8465,0.837856650352478,0.7434225678443909
764,8466,0.8428337574005127,0.7811014652252197
765,8468,0.8322449922561646,0.7265212535858154
766,8470,0.8564006686210632,0.751969039440155
767,8471,0.853388786315918,0.7689117789268494
768,8472,0.816039502620697,0.7525092363357544
769,8473,0.8014813065528871,0.6745237112045288
770,8474,0.861744225025177,0.8103998899459839
771,8475,0.8739096522331238,0.7885633111000061
772,8476,0.8411592841148376,0.7347995638847351
773,8477,0.8712955713272095,0.801113486289978
774,8478,0.8873748183250427,0.8084611296653748
775,8479,0.8576772212982178,0.7619409561157227
776,8480,0.7901018857955933,0.6441285014152527
777,8481,0.8146876096725464,0.7314546704292297
778,8482,0.8263135552406311,0.7629079818725586
779,8485,0.8693445324897766,0.7594406604766846
780,8487,0.8072164058685303,0.7241231203079224
781,8488,0.8801475763320923,0.7774161696434021
782,8489,0.8566508293151855,0.7543858885765076
783,8491,0.824778139591217,0.7398205399513245
784,8492,0.9008444547653198,0.8318685293197632
785,8493,0.8852293491363525,0.801354706287384
786,8494,0.8842210173606873,0.8305923938751221
787,8495,0.8916794061660767,0.8200794458389282
788,8496,0.8184821605682373,0.7658975124359131
789,8497,0.8413748145103455,0.7770441174507141
790,8498,0.9114333987236024,0.8461567163467407
791,8499,0.8800357580184937,0.7867780327796936
792,8500,0.8024287223815918,0.6689459681510925
793,8503,0.8728480339050293,0.7802214026451111
794,8504,0.8874318599700928,0.8369400501251221
795,8505,0.8790940046310425,0.7772600650787354
796,8506,0.8781487941741943,0.7909936904907227
797,8507,0.8957017660140991,0.8165783882141113
798,8508,0.8589649796485901,0.7626923322677612
799,8509,0.8604528307914734,0.7576097846031189
800,8510,0.8505027890205383,0.7438374161720276
801,8512,0.8581638336181641,0.7627284526824951
802,8513,0.85822993516922,0.7695509791374207
803,8514,0.8650600910186768,0.7968242764472961
804,8515,0.8631710410118103,0.7647421956062317
805,8516,0.9233487248420716,0.8852391839027405
806,8517,0.8641647696495056,0.7621917128562927
807,8518,0.8526970744132996,0.7894551157951355
808,8520,0.8357433080673218,0.7531671524047852
809,8521,0.9112796187400818,0.8628939390182495
810,8522,0.8853021860122681,0.8148972392082214
811,8525,0.8441225290298462,0.7748712301254272
812,8526,0.8908588886260986,0.8139981031417847
813,8529,0.8554179072380066,0.7877327203750609
814,8530,0.9024104475975036,0.8129044771194458
815,8531,0.8568874001502991,0.8052273392677307
816,8532,0.9274652600288392,0.8554282188415527
817,8535,0.8979381918907166,0.8152803778648376
818,8538,0.8467453718185425,0.8057245016098022
819,8542,0.8276854753494263,0.7613587975502014
820,8543,0.864781379699707,0.7510123252868652
821,8544,0.8517271280288696,0.760733962059021
822,8545,0.824599027633667,0.7042956352233887
823,8546,0.8828298449516296,0.8050063252449036
824,8547,0.8264813423156738,0.7075557708740234
825,8549,0.8431120514869691,0.7572115659713745
826,8550,0.8615580201148987,0.7744479775428772
827,8551,0.8590967655181885,0.8368959426879883
828,8552,0.8447345495223999,0.7979743480682373
829,8553,0.8709490299224854,0.7725706100463867
830,8554,0.8215942978858948,0.7530039548873901
831,8556,0.8755481243133545,0.832859218120575
832,8557,0.9004616737365723,0.8175212144851685
833,8558,0.8824558258056641,0.8033628463745117
834,8560,0.8595038652420044,0.7643181681632996
835,8561,0.9158185124397278,0.8065662980079651
836,8562,0.8952050805091858,0.8328289985656738
837,8563,0.8403895497322083,0.7026861310005188
838,8565,0.8682118654251099,0.7900518774986267
839,8566,0.8636195659637451,0.7989746332168579
840,8568,0.8888776302337646,0.8495203852653503
841,8572,0.8064582943916321,0.7707597613334656
842,8573,0.82304847240448,0.7260133624076843
843,8575,0.8675227165222168,0.8116693496704102
844,8576,0.906255304813385,0.852798342704773
845,8577,0.900845229625702,0.8375053405761719
846,8578,0.8919646739959717,0.7969934940338135
847,8579,0.8033697605133057,0.6685375571250916
848,8580,0.880768358707428,0.8160473108291626
849,8581,0.8604766130447388,0.770826518535614
850,8582,0.8922796845436096,0.7980391383171082
851,8583,0.8592752814292908,0.7712534070014954
852,8584,0.8354281783103943,0.7545055150985718
853,8585,0.797226071357727,0.7248530983924866
854,8586,0.8864328265190125,0.8064743280410767
855,8587,0.923629105091095,0.8811838626861572
856,8588,0.7924590110778809,0.6881188750267029
857,8590,0.8799399733543396,0.8450018763542175
858,8591,0.9110054969787598,0.8261409401893616
859,8592,0.8602929115295409,0.7464884519577026
860,8593,0.8481284379959106,0.7585277557373047
861,8594,0.8688569068908691,0.8097071647644043
862,8595,0.8375536203384399,0.7720827460289001
863,8596,0.8636260628700256,0.7851123213768005
864,8597,0.884175717830658,0.8177643418312073
865,8598,0.8470317721366882,0.7698761224746704
866,8600,0.9105697274208068,0.8285757303237915
867,8601,0.8651435971260071,0.7648563385009766
868,8602,0.8903711438179016,0.8085014820098877
869,8603,0.8338463306427002,0.7656898498535156
870,8604,0.8610939979553223,0.7768451571464539
871,8605,0.8853400945663452,0.802118182182312
872,8606,0.8374143838882446,0.7654412388801575
873,8607,0.8994139432907104,0.7938872575759888
874,8609,0.8859136700630188,0.7679546475410461
875,8611,0.8958956599235535,0.8332930207252502
876,8613,0.8166797161102295,0.7161557674407959
877,8614,0.8667994141578674,0.8008337616920471
878,8615,0.8633551597595215,0.7442941665649414
879,8616,0.8462509512901306,0.7666905522346497
880,8618,0.8470728993415833,0.7518870234489441
881,8619,0.9024403691291808,0.7868551015853882
882,8621,0.8783817887306213,0.7714290022850037
883,8622,0.8486937880516052,0.7117565274238586
884,8623,0.8580648899078369,0.7499439120292664
885,8624,0.8886260986328125,0.8183777332305908
886,8625,0.8641326427459717,0.7757219076156616
887,8628,0.8657558560371399,0.7946558594703674
888,8629,0.8690419197082521,0.7692680358886719
889,8630,0.8955930471420288,0.8027850985527039
890,8631,0.8315942287445068,0.7314227819442749
891,8632,0.8079010248184204,0.7264562845230103
892,8633,0.8663365244865417,0.7972633838653564
893,8635,0.8794349431991577,0.7792391180992126
894,8636,0.8732179999351501,0.7897859811782837
895,8637,0.8830061554908752,0.7854333519935608
896,8638,0.8540103435516357,0.7703408598899841
897,8640,0.8483679890632629,0.7768929600715637
898,8641,0.8791152834892273,0.7982433438301086
899,8642,0.7803937792778015,0.6812427043914795
900,8643,0.84023118019104,0.7352054119110107
901,8644,0.8997817635536194,0.8129016757011414
902,8646,0.7810205817222595,0.6953212022781372
903,8647,0.8841116428375244,0.7719551920890808
904,8648,0.8319199681282043,0.7820890545845032
905,8649,0.9039319157600404,0.8535642027854919
906,8650,0.8145990967750549,0.7175067663192749
907,8652,0.8519067168235779,0.758004367351532
908,8653,0.7644478082656859,0.6433588862419128
909,8654,0.8850428462028503,0.8337894678115845
910,8655,0.8876005411148071,0.8114272952079773
911,8657,0.8632341623306274,0.7563731074333191
912,8658,0.8777754902839661,0.7933555841445923
913,8659,0.8320974111557007,0.7535402774810791
914,8660,0.8821892142295837,0.7888957262039185
915,8661,0.8420546650886536,0.7168727517127991
916,8663,0.8835061192512512,0.7846202254295349
917,8664,0.7778684496879578,0.6690956950187683
918,8665,0.8818500638008118,0.797719419002533
919,8667,0.8612072467803955,0.774450421333313
920,8668,0.8542240262031555,0.7439780831336975
921,8669,0.8374248743057251,0.7045011520385742
922,8670,0.856913149356842,0.7880148887634277
923,8671,0.883247971534729,0.8336883187294006
924,8672,0.8222231864929199,0.7927691340446472
925,8673,0.8334492444992065,0.7069731950759888
926,8674,0.7878276705741882,0.7072125077247621
927,8676,0.6869546175003052,0.5602602958679199
928,8677,0.8089938759803772,0.7285425662994385
929,8678,0.8856368660926819,0.8285397291183472
930,8679,0.8591824769973755,0.7500044703483582
931,8680,0.9319733977317809,0.8552554845809937
932,8683,0.85247403383255,0.7293286919593811
933,8684,0.8890101909637451,0.8131174445152283
934,8685,0.8160617351531982,0.7680060863494873
935,8687,0.8197678327560425,0.6581952571868896
936,8689,0.8874561786651611,0.8013736009597778
937,8691,0.89100182056427,0.8331812024116516
938,8692,0.8703963756561279,0.8116373419761658
939,8693,0.8101171851158142,0.7066577076911926
940,8694,0.8005425930023193,0.7291660308837891
941,8695,0.8639639616012573,0.7276809215545654
942,8696,0.879713237285614,0.7998168468475342
943,8698,0.8746337890625,0.8161938786506653
944,8700,0.860187828540802,0.8085487484931946
945,8701,0.8228652477264404,0.7700749635696411
946,8702,0.8767204284667969,0.7943038344383241
947,8704,0.8339673280715942,0.7522580027580261
948,8705,0.8900153040885925,0.8285127282142639
949,8708,0.9055757522583008,0.8101093173027039
950,8709,0.879413366317749,0.7851846218109131
951,8710,0.8820979595184326,0.8234571814537048
952,8711,0.8674321174621582,0.8020883202552795
953,8713,0.8886399269104004,0.8530138731002808
954,8714,0.8703396916389465,0.7873353362083435
955,8717,0.8403635621070862,0.7343086004257202
956,8718,0.9157617688179016,0.8285064101219177
957,8719,0.826640784740448,0.7091959118843079
958,8720,0.8984097838401794,0.85857093334198
959,8722,0.8679356575012207,0.8070031404495239
960,8723,0.8754509687423706,0.8174156546592712
961,8724,0.8605400323867798,0.7911473512649536
962,8725,0.8560193777084351,0.7522634863853455
963,8726,0.8787153363227844,0.8151924610137941
964,8727,0.8346014022827148,0.7508551478385925
965,8729,0.8635821342468262,0.7470966577529907
966,8730,0.8607605099678041,0.7679023742675781
967,8731,0.8496922850608826,0.789666473865509
968,8732,0.8516348600387573,0.7628270983695984
969,8733,0.829217255115509,0.7147530317306519
970,8734,0.8160455822944641,0.7276981472969055
971,8735,0.8768941760063171,0.7784977555274963
972,8736,0.8454020619392395,0.74392169713974
973,8738,0.8956000208854675,0.8136261105537415
974,8739,0.8422356843948364,0.7396095991134644
975,8740,0.8872376680374146,0.8088433146476746
976,8741,0.8711519837379456,0.7833929657936096
977,8742,0.8533722162246704,0.7288606762886047
978,8743,0.8533084988594055,0.7745121717453003
979,8744,0.8650301098823547,0.7338094115257263
980,8746,0.874232292175293,0.7816934585571289
981,8748,0.8567526936531067,0.7386181950569153
982,8749,0.8454739451408386,0.7347346544265747
983,8750,0.8619662523269653,0.7671520709991455
984,8751,0.8341736197471619,0.70379638671875
985,8752,0.8973231911659241,0.8684404492378235
986,8753,0.9231392741203308,0.8429161310195923
987,8754,0.8865193724632263,0.8205137252807617
988,8755,0.87647944688797,0.7793269753456116
989,8756,0.9104058742523192,0.8273013830184937
990,8757,0.8976635932922363,0.8269228935241699
991,8758,0.8482267260551453,0.7181007862091064
992,8759,0.900813102722168,0.8527364730834961
993,8760,0.8682559728622437,0.7942897081375122
994,8762,0.809441864490509,0.697144627571106
995,8763,0.7761563062667847,0.7000937461853027
996,8764,0.8762145638465881,0.7678424119949341
997,8765,0.7617253065109253,0.6626721620559692
998,8766,0.8302537202835083,0.7532505989074707
999,8768,0.8735560178756714,0.7825850248336792
1000,8770,0.863860011100769,0.7267162203788757
1001,8771,0.9176828861236572,0.8293384909629822
1002,8772,0.8663979768753052,0.7588611841201782
1003,8774,0.8620226383209229,0.7638854384422302
1004,8775,0.8836504817008972,0.7794390916824341
1005,8776,0.8515263199806213,0.7502135038375854
1006,8778,0.8428946137428284,0.7675533890724182
1007,8779,0.8445072770118713,0.7886293530464172
1008,8780,0.8579992055892944,0.7905312776565552
1009,8781,0.8711889386177063,0.8217343688011169
1010,8782,0.8505172133445741,0.7483789324760437
1011,8783,0.907805562019348,0.8331232070922852
1012,8784,0.8699808716773987,0.8145241141319275
1013,8785,0.7799912095069885,0.6794224977493286
1014,8786,0.8806488513946533,0.7847689390182495
1015,8788,0.8841124176979065,0.7929710149765015
1016,8789,0.8864231705665588,0.8079255819320679
1017,8790,0.8899921774864197,0.8224721550941467
1018,8791,0.8714035153388977,0.7596397995948792
1019,8792,0.8059002161026001,0.7101090550422668
1020,8794,0.8713989853858948,0.7938126921653748
1021,8795,0.8599703311920166,0.771117091178894
1022,8796,0.8922985196113586,0.8201245665550232
1023,8797,0.8777803182601929,0.8130542039871216
1024,8799,0.874104380607605,0.7961637377738953
1025,8800,0.8675598502159119,0.7854666113853455
1026,8802,0.9234021902084352,0.8813964724540709
1027,8803,0.8836687803268433,0.7592368125915527
1028,8804,0.9016399979591371,0.8234214782714844
1029,8805,0.8293361067771912,0.7654823064804077
1030,8806,0.8738455772399902,0.7779317498207092
1031,8807,0.8579040169715881,0.7600449323654175
1032,8808,0.8417969346046448,0.7681782245635986
1033,8810,0.8554036021232605,0.7709428668022156
1034,8811,0.857280969619751,0.7284922599792479
1035,8813,0.8298627138137817,0.7517212033271791
1036,8814,0.8544399738311768,0.7959177494049072
1037,8815,0.9143422842025756,0.8415711522102356
1038,8816,0.9151646494865416,0.8270927667617798
1039,8817,0.9554318189620972,0.9289491176605223
1040,8818,0.8873818516731262,0.771870493888855
1041,8819,0.8764393925666809,0.7966877818107605
1042,8820,0.8301345109939575,0.7237585186958313
1043,8821,0.8689302206039429,0.7907347083091736
1044,8822,0.8696719408035278,0.7823199629783629
1045,8825,0.8929046988487244,0.8133368492126465
1046,8826,0.8851563930511475,0.7914198637008667
1047,8827,0.9028459191322328,0.8410540819168091
1048,8828,0.8712049722671509,0.781692385673523
1049,8829,0.850703775882721,0.7542110085487366
1050,8830,0.8892944455146791,0.8131542801856995
1051,8833,0.9161445498466492,0.8443092107772827
1052,8834,0.8725531101226807,0.7895462512969971
1053,8835,0.8463776707649231,0.7356846332550049
1054,8837,0.8668763041496277,0.7827260494232178
1055,8838,0.8609378933906555,0.7597452998161316
1056,8840,0.8934451341629028,0.8055135011672974
1057,8842,0.8651447296142578,0.7799211144447327
1058,8843,0.8586285710334778,0.7639002799987793
1059,8845,0.8213499784469604,0.7594634890556335
1060,8846,0.834115743637085,0.7638869881629944
1061,8849,0.8740444779396057,0.7716081738471985
1062,8851,0.8705874681472778,0.7857440114021301
1063,8852,0.8604263067245483,0.748647153377533
1064,8853,0.8670176863670349,0.7757570743560791
1065,8855,0.8782646656036377,0.7863653898239136
1066,8856,0.8737553358078003,0.7827008962631226
1067,8858,0.8937385678291321,0.8196591138839722
1068,8859,0.8308776617050171,0.751561164855957
1069,8860,0.8939976692199707,0.8107419610023499
1070,8861,0.9054833650588988,0.8249335885047913
1071,8862,0.8554730415344238,0.7742363214492798
1072,8863,0.9217031598091124,0.8617780804634094
1073,8865,0.8499707579612732,0.7651880979537964
1074,8866,0.8966498374938965,0.8142746090888977
1075,8868,0.8483039736747742,0.7579419612884521
1076,8869,0.8509210348129272,0.7919545173645021
1077,8870,0.8572700619697571,0.7700279951095581
1078,8871,0.9148760437965392,0.8405789732933044
1079,8872,0.8880300521850586,0.7909605503082275
1080,8873,0.8646372556686401,0.7829710245132446
1081,8874,0.818832278251648,0.7324981093406677
1082,8875,0.8560327291488647,0.7443532943725586
1083,8876,0.9044008255004884,0.845488429069519
1084,8877,0.8766674995422363,0.7533498406410217
1085,8878,0.8817372322082521,0.7839370965957642
1086,8879,0.8481208086013794,0.7179452776908875
1087,8881,0.8413742780685425,0.7598022222518921
1088,8883,0.8816515803337097,0.7602747678756714
1089,8885,0.8329448103904724,0.767802357673645
1090,8887,0.9115305542945862,0.8378340005874634
1091,8888,0.8395019769668579,0.7831341028213501
1092,8889,0.8690462112426758,0.7942857146263123
1093,8890,0.8651090860366821,0.7423555850982666
1094,8891,0.7905679941177368,0.6557547450065613
1095,8892,0.8709035515785217,0.8083791136741638
1096,8893,0.8736590147018433,0.7809483408927917
1097,8894,0.8311539292335509,0.722731351852417
1098,8895,0.8181571364402771,0.6840570569038391
1099,8896,0.8694905638694763,0.7915960550308228
1100,8897,0.8441861271858215,0.7461790442466736
1101,8900,0.8277174234390259,0.7519206404685974
1102,8902,0.8727660775184631,0.8108362555503845
1103,8903,0.8625291585922241,0.7858532071113586
1104,8904,0.8261132240295409,0.7281445860862732
1105,8905,0.7940999269485474,0.6979238986968994
1106,8906,0.8656432628631592,0.7755004763603209
1107,8907,0.911744236946106,0.8182812929153442
1108,8909,0.8671635985374451,0.751636266708374
1109,8910,0.8572219610214233,0.7822065949440002
1110,8911,0.8730155229568481,0.7859941124916077
1111,8912,0.8826867341995239,0.8024474382400513
1112,8913,0.8362840414047241,0.7896447181701659
1113,8914,0.8857467770576477,0.7751794457435608
1114,8915,0.8934354782104492,0.7870336771011353
1115,8916,0.9155346155166626,0.8410046696662903
1116,8918,0.7549260258674622,0.6561037302017212
1117,8920,0.8595138788223267,0.8247752189636229
1118,8923,0.8801866769790649,0.7877641320228577
1119,8924,0.902709186077118,0.8220402002334595
1120,8926,0.8519290685653687,0.7817859053611755
1121,8928,0.8404808640480042,0.7779210805892944
1122,8929,0.8795599937438965,0.7955162525177002
1123,8930,0.9098913669586182,0.8389077186584473
1124,8931,0.8779764175415039,0.7901288270950317
1125,8932,0.8949037790298462,0.8067654371261597
1126,8933,0.8379981517791748,0.7679592967033386
1127,8934,0.8733360171318054,0.7526681423187256
1128,8935,0.8613539934158325,0.7684698104858398
1129,8937,0.8618047833442688,0.7677233815193176
1130,8938,0.8698590397834778,0.7709499597549438
1131,8940,0.8533069491386414,0.763637900352478
1132,8942,0.8273515105247498,0.7325934767723083
1133,8944,0.8320630192756653,0.7239356040954591
1134,8945,0.931258261203766,0.8665544390678406
1135,8946,0.8812618851661682,0.8244156837463379
1136,8948,0.8477445244789124,0.7800465226173401
1137,8949,0.8633083701133728,0.7691836953163147
1138,8950,0.8507279753684998,0.7478760480880737
1139,8952,0.8268279433250427,0.7185332775115967
1140,8953,0.8820345401763916,0.8077300190925598
1141,8954,0.8013832569122314,0.688207745552063
1142,8955,0.7638058066368103,0.6952502727508545
1143,8956,0.8308296203613281,0.7553162574768066
1144,8957,0.8593459725379944,0.7502497434616089
1145,8959,0.8035817742347717,0.750681459903717
1146,8960,0.9207899570465088,0.8483479619026184
1147,8961,0.8628467321395874,0.7746132612228394
1148,8962,0.8179778456687927,0.7779718637466431
1149,8963,0.8734140396118164,0.7867497205734253
1150,8964,0.8646376132965088,0.7945984005928041
1151,8965,0.8864235877990723,0.8194263577461243
1152,8967,0.8777481317520142,0.7909159064292908
1153,8968,0.8978545069694519,0.864298403263092
1154,8969,0.9448082447052002,0.8948643803596497
1155,8970,0.9007998704910278,0.8031520843505859
1156,8972,0.8871287703514099,0.8219067454338074
1157,8973,0.8531781435012817,0.7538076043128967
1158,8974,0.9042625427246094,0.8086855411529541
1159,8976,0.876464307308197,0.8149280548095703
1160,8977,0.864359438419342,0.7740283608436584
1161,8978,0.891266405582428,0.8057446479797363
1162,8979,0.9148627519607544,0.8631170392036438
1163,8980,0.7499297261238098,0.6654046177864075
1164,8981,0.8780562877655029,0.7824707627296448
1165,8983,0.8906316757202148,0.7934967279434204
1166,8984,0.81183260679245,0.7112808823585509
1167,8985,0.90707528591156,0.8410871028900146
1168,8986,0.8646975159645081,0.8179693818092346
1169,8987,0.8338876962661743,0.7811551690101624
1170,8988,0.878452479839325,0.8238617777824402
1171,8989,0.8482390046119691,0.7306177616119385
1172,8990,0.8574733734130859,0.7752295136451721
1173,8992,0.9059168100357056,0.8449997305870056
1174,8994,0.8322852849960327,0.7729839086532593
1175,8995,0.8940117955207825,0.7924824953079224
1176,8997,0.8878781199455261,0.8249639868736267
1177,8998,0.8604982495307922,0.7843640446662903
1178,8999,0.8689494729042053,0.7919924855232239
1179,9000,0.8856177926063538,0.7798206210136414
1180,9001,0.9090546965599059,0.8243583440780641
1181,9003,0.8679992556571959,0.7654165625572205
1182,9004,0.7806676626205444,0.6667175889015198
1183,9005,0.8426931500434875,0.7190505266189575
1184,9006,0.8977036476135254,0.8253224492073059
1185,9007,0.8228261470794678,0.7411746382713318
1186,9008,0.8404983878135681,0.7442176938056946
1187,9009,0.9018651843070984,0.7707146406173706
1188,9010,0.898654580116272,0.8149833083152771
1189,9011,0.8812928199768066,0.7926839590072632
1190,9012,0.8695791959762573,0.8076833486557007
1191,9013,0.8875234723091125,0.8130828142166138
1192,9014,0.8643704652786255,0.788264274597168
1193,9016,0.8610858917236328,0.7856347560882568
1194,9017,0.7657737135887146,0.7065777778625488
1195,9018,0.8625251650810242,0.7594701647758484
1196,9020,0.8562277555465698,0.7286342978477478
1197,9022,0.8970522880554199,0.8383738398551941
1198,9025,0.9196031093597412,0.8566064238548279
1199,9026,0.862797737121582,0.7632743120193481
1200,9027,0.8727995157241821,0.7968477606773376
1201,9028,0.8900666236877441,0.8383160233497621
1202,9031,0.9020326137542723,0.811639130115509
1203,9032,0.9239178299903871,0.8794592022895813
1204,9033,0.8785446882247925,0.8364012241363525
1205,9034,0.8968454599380493,0.8141461610794067
1206,9035,0.8728856444358826,0.8006390929222107
1207,9037,0.8808621168136597,0.797089695930481
1208,9038,0.8280539512634277,0.7256074547767639
1209,9039,0.8972959518432617,0.8319931030273438
1210,9041,0.9072295427322388,0.8583419919013977
1211,9042,0.8385469913482666,0.7517241835594177
1212,9044,0.8519622683525085,0.7624585628509521
1213,9045,0.8484424948692322,0.7507115602493286
1214,9047,0.764358639717102,0.6694681644439697
1215,9048,0.8632038831710815,0.7908166646957397
1216,9050,0.9077163338661194,0.8229280710220337
1217,9052,0.8913975954055786,0.7791734933853149
1218,9053,0.8791285157203674,0.7680533528327942
1219,9055,0.8760416507720947,0.7882026433944702
1220,9056,0.8206066489219666,0.7083317637443542
1221,9057,0.8072133064270021,0.765005350112915
1222,9058,0.9260537624359132,0.852366030216217
1223,9059,0.8292585611343384,0.7298887968063354
1224,9060,0.8928166627883911,0.8253778219223022
1225,9061,0.9217177033424376,0.8590365052223206
1226,9063,0.864834189414978,0.7810541391372681
1227,9064,0.8393690586090088,0.7298706769943237
1228,9065,0.8863745927810669,0.7471365928649902
1229,9066,0.8138769268989563,0.71976637840271
1230,9067,0.8466694951057434,0.7867380380630493
1231,9068,0.8640128374099731,0.7495410442352295
1232,9069,0.8075910806655884,0.7385371923446655
1233,9070,0.899489164352417,0.8258600234985352
1234,9071,0.8796249032020569,0.7934827208518982
1235,9072,0.8433599472045898,0.8056969642639159
1236,9073,0.8170582056045532,0.7005126476287842
1237,9074,0.8870831131935121,0.793701708316803
1238,9075,0.8821480870246887,0.7917011976242065
1239,9076,0.857464075088501,0.8118762373924255
1240,9078,0.8618395924568176,0.7334529161453247
1241,9079,0.8938403725624084,0.8153113126754761
1242,9082,0.8861161470413208,0.8021947145462036
1243,9083,0.8908230662345886,0.8147574663162231
1244,9084,0.8735869526863098,0.8016504645347595
1245,9086,0.8697558641433716,0.7949539422988892
1246,9088,0.875808596611023,0.7673097848892212
1247,9089,0.8914793729782104,0.8348679542541504
1248,9090,0.880138099193573,0.8295114040374756
1249,9091,0.817419171333313,0.7280143499374391
1250,9092,0.8281083106994629,0.7616457939147949
1251,9093,0.8779367208480835,0.7380708456039429
1252,9094,0.8827223181724548,0.7844668030738831
1253,9095,0.8720062971115112,0.7568076252937317
1254,9096,0.8874762058258057,0.8250454664230347
1255,9097,0.8725266456604004,0.7712300419807434
1256,9098,0.8973021507263184,0.822641909122467
1257,9100,0.9263054132461548,0.8503259420394897
1258,9101,0.9006238579750061,0.8183261752128601
1259,9102,0.8693977594375609,0.7853711247444153
1260,9103,0.8194918036460876,0.7128819823265076
1261,9105,0.871316134929657,0.7768654227256775
1262,9106,0.8861702680587769,0.7895836830139159
1263,9107,0.8987548351287842,0.8061594963073729
1264,9108,0.9071784615516664,0.8402920961380005
1265,9109,0.865108847618103,0.7621853947639465
1266,9110,0.8674372434616089,0.7803873419761658
1267,9112,0.9089518189430236,0.8522232174873352
1268,9113,0.74387526512146,0.6745287179946899
1269,9114,0.926311492919922,0.8762812614440918
1270,9115,0.8332002758979797,0.7454657554626465
1271,9116,0.831277072429657,0.7513403892517091
1272,9117,0.870442271232605,0.7808815240859985
1273,9118,0.8309199213981628,0.72691410779953
1274,9119,0.8450818061828613,0.7642439007759094
1275,9120,0.8417959809303284,0.7438820004463196
1276,9121,0.8860980272293091,0.8465126156806946
1277,9123,0.86015385389328,0.7594849467277527
1278,9125,0.8120784163475037,0.7273820042610168
1279,9127,0.8110050559043884,0.6864576935768127
1280,9128,0.8827323913574219,0.8083258867263794
1281,9130,0.8735740184783936,0.8116025924682617
1282,9131,0.9241613149642944,0.8335145115852356
1283,9132,0.8736498355865479,0.7923893332481384
1284,9133,0.8467737436294556,0.7588122487068176
1285,9134,0.8781270384788513,0.8217288255691528
1286,9135,0.8825521469116211,0.794761061668396
1287,9137,0.8623456358909607,0.7817900776863098
1288,9138,0.8756155371665955,0.8087469935417175
1289,9139,0.8780277371406555,0.8043541312217712
1290,9140,0.8953137397766113,0.7984173893928528
1291,9141,0.907850742340088,0.8380449414253235
1292,9142,0.8519749641418457,0.7892236113548279
1293,9143,0.8463146686553955,0.7600201368331909
1294,9145,0.8492364287376404,0.7639343738555908
1295,9147,0.8528185486793518,0.7760710120201111
1296,9150,0.7836387753486633,0.6934617757797241
1297,9151,0.8493914604187012,0.7781729102134705
1298,9152,0.9025803804397584,0.8385888934135437
1299,9153,0.8499774932861328,0.7735140323638916
1300,9155,0.8444767594337463,0.7975576519966125
1301,9157,0.8673202395439148,0.7747730612754822
1302,9158,0.849435567855835,0.7571412920951843
1303,9159,0.8422073125839233,0.7704640030860901
1304,9160,0.8900548219680786,0.8265752196311951
1305,9162,0.8546142578125,0.7868531346321106
1306,9163,0.8479031920433044,0.7426315546035767
1307,9165,0.8297311067581177,0.7424317598342896
1308,9166,0.8856253623962402,0.8142118453979492
1309,9167,0.8462381958961487,0.7185789942741394
1310,9168,0.8828274011611938,0.7954394817352295
1311,9169,0.8672999739646912,0.7721791267395021
1312,9170,0.883610188961029,0.7679715156555176
1313,9171,0.8778998851776123,0.7957261800765991
1314,9172,0.855112612247467,0.7530472278594971
1315,9174,0.8459660410881042,0.7749738097190857
1316,9175,0.8926512598991394,0.8374165892601013
1317,9176,0.8845409154891968,0.7849500179290771
1318,9177,0.7718291878700256,0.6802836060523987
1319,9179,0.8570123910903931,0.7573771476745605
1320,9180,0.844737708568573,0.7683230042457581
1321,9181,0.8929215669631958,0.8677423596382141
1322,9183,0.9100164175033568,0.8158853054046631
1323,9184,0.8588584661483765,0.7959678769111633
1324,9185,0.8916159868240356,0.8072256445884705
1325,9186,0.8601582050323486,0.7765241861343384
1326,9187,0.8739138245582581,0.7978748083114624
1327,9188,0.853964626789093,0.754888117313385
1328,9190,0.8579767346382141,0.7546229362487793
1329,9191,0.8693490624427795,0.7908970713615417
1330,9192,0.8093723058700562,0.6434354782104492
1331,9193,0.7859343886375427,0.6744455695152283
1332,9194,0.9790842533111572,0.9153273105621338
1333,9197,0.8941931724548341,0.8238387107849121
1334,9198,0.8683717250823975,0.8054510951042175
1335,9202,0.8811137676239014,0.780867874622345
1336,9203,0.8988837003707886,0.7948697805404663
1337,9204,0.9128162264823914,0.8281330466270447
1338,9205,0.8579961657524109,0.7662333250045776
1339,9206,0.8289213776588441,0.7498402595520021
1340,9207,0.8436963558197021,0.7607998847961426
1341,9208,0.9221336245536804,0.8378977179527283
1342,9209,0.830211877822876,0.7912596464157104
1343,9210,0.9165304899215698,0.8534793257713318
1344,9211,0.8869620561599731,0.8455073833465576
1345,9212,0.8899769783020021,0.8037336468696594
1346,9213,0.8844993710517883,0.8086425065994263
1347,9214,0.871521532535553,0.7963232994079591
1348,9215,0.7876541614532471,0.6947572827339172
1349,9216,0.8965515494346619,0.8090808391571045
1350,9217,0.7874644994735718,0.6998021006584167
1351,9218,0.8297703862190247,0.7477229833602905
1352,9219,0.8096869587898254,0.715499758720398
1353,9220,0.8339978456497192,0.7577413320541382
1354,9221,0.8757439851760864,0.7970664501190186
1355,9222,0.8677486777305603,0.7685604691505432
1356,9223,0.8611175417900085,0.7679881453514099
1357,9224,0.901113986968994,0.8499578237533569
1358,9225,0.870198130607605,0.764268696308136
1359,9226,0.8267319202423096,0.7339659333229065
1360,9227,0.8576851487159729,0.7775476574897766
1361,9228,0.8639995455741882,0.7604306936264038
1362,9229,0.815440833568573,0.7300297021865845
1363,9230,0.8144356608390808,0.7304019927978516
1364,9231,0.8456718325614929,0.7653650641441345
1365,9232,0.8859384655952454,0.7869613766670227
1366,9234,0.8655335307121277,0.7971446514129639
1367,9235,0.8738352060317993,0.8027506470680237
1368,9236,0.8302109241485596,0.7509459257125854
1369,9239,0.8066034913063049,0.7202732563018799
1370,9240,0.9036124944686891,0.8116253614425659
1371,9241,0.8703463077545166,0.8103722333908081
1372,9242,0.8589468002319336,0.7919992804527283
1373,9243,0.8733381032943726,0.783035159111023
1374,9245,0.8148203492164612,0.7184364199638367
1375,9246,0.8366343379020691,0.7379831075668335
1376,9247,0.8625271916389465,0.772053062915802
1377,9248,0.8602682948112488,0.8022763729095459
1378,9249,0.9213310480117798,0.850905179977417
1379,9250,0.7702502012252808,0.65206378698349
1380,9251,0.8898887038230896,0.7651812434196472
1381,9252,0.9405410289764404,0.8851494193077087
1382,9253,0.8849177360534668,0.7852727174758911
1383,9254,0.8743590712547302,0.754812479019165
1384,9255,0.9129976630210876,0.8340068459510803
1385,9256,0.8057682514190674,0.6846019625663757
1386,9257,0.8837661147117615,0.8140877485275269
1387,9258,0.7915796041488647,0.6940364837646484
1388,9259,0.8407394886016846,0.6949803829193115
1389,9260,0.8639748096466064,0.7711222767829895
1390,9261,0.8863427639007568,0.8316974639892578
1391,9262,0.8898131251335144,0.8133546113967896
1392,9263,0.9107953310012816,0.8137586712837219
1393,9266,0.8105428218841553,0.6884262561798096
1394,9268,0.8736024498939514,0.7805005311965942
1395,9269,0.8901621699333191,0.8590744733810425
1396,9270,0.8446193337440491,0.7264027595520021
1397,9271,0.8715499043464661,0.8116677403450012
1398,9273,0.8607155084609985,0.8042423725128174
1399,9275,0.7504025101661682,0.7030075192451477
1400,9276,0.8658571839332581,0.7762417793273926
1401,9277,0.8583313822746277,0.7692954540252686
1402,9278,0.8775181174278259,0.7844364643096924
1403,9280,0.883449912071228,0.8050434589385986
1404,9282,0.8660320043563843,0.7490115761756897
1405,9283,0.8797230124473572,0.7931956648826599
1406,9284,0.9109801054000854,0.8310853242874146
1407,9288,0.879612386226654,0.7609530687332153
1408,9289,0.898085355758667,0.8420253992080688
1409,9290,0.8657081723213196,0.7864276766777039
1410,9291,0.8382648825645447,0.7555615901947021
1411,9292,0.8875030875205994,0.7784056067466736
1412,9293,0.8250359296798706,0.7470467686653137
1413,9294,0.8865207433700562,0.7821499109268188
1414,9295,0.8509149551391602,0.7675382494926453
1415,9296,0.8601924180984497,0.7981265783309937
1416,9297,0.8501825928688049,0.7515320777893066
1417,9298,0.9373478889465332,0.8835279941558838
1418,9299,0.8319545388221741,0.7719194889068604
1419,9300,0.8681921362876892,0.8029129505157471
1420,9301,0.8868863582611084,0.7897768020629883
1421,9302,0.8726708292961121,0.7790704965591431
1422,9303,0.8675249814987183,0.7773092985153198
1423,9304,0.8493933081626892,0.7589259147644043
1424,9305,0.7567659020423889,0.6669132113456726
1425,9307,0.8954796195030212,0.8292441964149475
1426,9309,0.8848491907119751,0.798534095287323
1427,9310,0.8735988736152649,0.7980002164840698
1428,9311,0.8565065860748291,0.7477173805236816
1429,9312,0.8752835392951965,0.8357903957366943
1430,9313,0.8753843307495117,0.7915216684341431
1431,9315,0.9085206985473632,0.8221448063850403
1432,9316,0.8384189605712891,0.7268254160881042
1433,9317,0.8342849016189575,0.7631505727767944
1434,9318,0.8886125087738037,0.8403620719909668
1435,9319,0.8703843355178833,0.7825961112976074
1436,9321,0.8805643320083618,0.7879415154457092
1437,9322,0.8957577347755432,0.8061147332191467
1438,9323,0.8637290596961975,0.7950696349143982
1439,9324,0.8787187933921814,0.8061788082122803
1440,9327,0.901691436767578,0.8554295897483826
1441,9328,0.8837451338768005,0.8030934333801271
1442,9329,0.8289291858673096,0.7348994612693787
1443,9330,0.7822028994560242,0.6647466421127319
1444,9331,0.8274344801902771,0.7672504186630249
1445,9333,0.8656871318817139,0.7995837926864624
1446,9334,0.8374629020690918,0.768729031085968
1447,9335,0.8553452491760254,0.7658066749572754
1448,9337,0.8379286527633667,0.7682074904441833
1449,9339,0.8710141777992249,0.7921193242073059
1450,9341,0.8613375425338745,0.7771989107131958
1451,9342,0.8328377008438109,0.7638571858406067
1452,9343,0.8748664855957031,0.7855250239372253
1453,9344,0.8690882921218872,0.7703306078910828
1454,9345,0.89014732837677,0.8283533453941345
1455,9347,0.8741044402122498,0.8392539620399475
1456,9348,0.8927535414695741,0.8083573579788208
1457,9349,0.8331582546234131,0.7160119414329529
1458,9350,0.9367437362670898,0.858473002910614
1459,9353,0.9253597855567932,0.8652187585830688
1460,9354,0.850997269153595,0.7642303705215454
1461,9356,0.9101154208183287,0.8402586579322815
1462,9357,0.8885565996170044,0.7858128547668457
1463,9358,0.8654064536094666,0.780451774597168
1464,9359,0.8609952330589294,0.7656647562980652
1465,9360,0.8480804562568665,0.7613517045974731
1466,9361,0.8348909616470337,0.7424643039703369
1467,9362,0.8339005112648009,0.7225121855735779
1468,9365,0.8435008525848389,0.7697651982307434
1469,9366,0.8835504055023193,0.7809132933616638
1470,9367,0.7751112580299377,0.6743091344833374
1471,9368,0.7757846117019653,0.6786794066429138
1472,9369,0.8630330562591553,0.7892121672630309
1473,9370,0.8926457762718201,0.8123536109924316
1474,9371,0.8858525156974792,0.8096799850463867
1475,9372,0.9145177602767944,0.8675937652587891
1476,9373,0.8781555891036987,0.8124768137931824
1477,9374,0.8022503852844238,0.7182137370109558
1478,9375,0.8475455641746521,0.8081167340278625
1479,9376,0.8173172473907471,0.7822327613830566
1480,9377,0.8743782639503479,0.7764451503753662
1481,9379,0.8937915563583374,0.8069818615913391
1482,9380,0.8580405116081238,0.7704181075096129
1483,9381,0.8884108662605286,0.8228325247764587
1484,9382,0.8768911361694336,0.8028452396392822
1485,9385,0.8616867661476135,0.7757061719894409
1486,9386,0.8605065345764159,0.7641019225120544
1487,9387,0.879039466381073,0.7897651791572571
1488,9388,0.8790708184242249,0.8069056868553162
1489,9389,0.8786285519599915,0.783132791519165
1490,9390,0.864980161190033,0.7579779624938965
1491,9391,0.90838623046875,0.8262298107147217
1492,9392,0.8713711500167847,0.7960937023162842
1493,9393,0.8386331796646118,0.7331423759460449
1494,9394,0.91038179397583,0.8420845866203308
1495,9395,0.8623979687690735,0.8177362084388733
1496,9396,0.8502504825592041,0.7662234306335449
1497,9397,0.8654105067253113,0.7790467739105225
1498,9398,0.8982635140419006,0.8571879863739014
1499,9399,0.8802208304405212,0.7815477252006531
1500,9400,0.8644063472747803,0.802575945854187
1501,9402,0.8721463084220886,0.7497930526733398
1502,9403,0.8143810629844666,0.7219370603561401
1503,9404,0.8691729307174683,0.7474110722541809
1504,9405,0.8533939719200134,0.7929609417915344
1505,9406,0.8096823692321777,0.7281857132911682
1506,9407,0.8964303135871887,0.839238703250885
1507,9408,0.8444447517395021,0.7123705148696899
1508,9409,0.832568883895874,0.7661914825439453
1509,9412,0.9303908348083496,0.8414930701255798
1510,9414,0.8394423127174377,0.7620794177055359
1511,9415,0.8625028729438782,0.779732346534729
1512,9416,0.9070428013801576,0.8187700510025024
1513,9417,0.8146304488182068,0.7695942521095276
1514,9419,0.8987013697624207,0.8031239509582521
1515,9420,0.8827448487281799,0.7914562821388245
1516,9421,0.918934166431427,0.860458254814148
1517,9422,0.8429710865020752,0.7735833525657654
1518,9423,0.8852417469024658,0.8006299734115601
1519,9424,0.8757060766220093,0.8000856637954712
1520,9425,0.8183542490005493,0.7996895313262941
1521,9426,0.8950146436691284,0.8073143362998962
1522,9427,0.8305160403251648,0.7921534776687622
1523,9428,0.85709547996521,0.7599144577980042
1524,9430,0.8887824416160583,0.8390317559242249
1525,9431,0.8769629001617432,0.7970186471939087
1526,9432,0.873245120048523,0.7792613506317139
1527,9433,0.8964552283287048,0.8201559782028198
1528,9434,0.8674231171607971,0.7625248432159424
1529,9435,0.8437322378158569,0.7843409180641174
1530,9437,0.8888145089149475,0.8009306788444519
1531,9438,0.9039062857627868,0.8480570316314697
1532,9439,0.9029107689857484,0.8414779901504517
1533,9440,0.8371442556381226,0.6944604516029358
1534,9441,0.8110585212707521,0.785722553730011
1535,9443,0.8733571767807007,0.7651607394218445
1536,9445,0.8848053216934204,0.8087688684463501
1537,9446,0.8587024807929993,0.7611399292945862
1538,9448,0.8900117278099059,0.7824885249137878
1539,9449,0.8923355937004089,0.7600709795951843
1540,9450,0.8682591915130615,0.8027904033660889
1541,9451,0.8927133083343506,0.8284537196159363
1542,9452,0.8544545173645021,0.7822890281677246
1543,9453,0.9022186994552612,0.8242173194885254
1544,9454,0.8484504818916321,0.792367160320282
1545,9455,0.8873707056045532,0.8041194677352905
1546,9456,0.8825386166572571,0.7858569622039795
1547,9457,0.8792311549186707,0.7652963995933533
1548,9460,0.8854917883872986,0.7876810431480408
1549,9461,0.9025172591209412,0.8315153717994691
1550,9462,0.8358029723167419,0.7980897426605225
1551,9463,0.8951435685157776,0.8184802532196045
1552,9464,0.8713177442550659,0.7810224294662476
1553,9465,0.8892852663993835,0.8183298110961914
1554,9466,0.8684303760528564,0.777588963508606
1555,9468,0.9103203415870668,0.8146921992301941
1556,9469,0.8531160950660706,0.7853966951370239
1557,9470,0.8644123673439026,0.8669466376304626
1558,9472,0.8854085803031921,0.8220905661582947
1559,9473,0.8545826077461243,0.7702536582946777
1560,9474,0.8368101716041565,0.7560557723045349
1561,9475,0.8723872900009155,0.776361882686615
1562,9476,0.9038325548171996,0.8322102427482605
1563,9477,0.8663476705551147,0.7463645339012146
1564,9478,0.9159584641456604,0.8442928194999695
1565,9479,0.8160620331764221,0.7162648439407349
1566,9480,0.8465938568115234,0.7398629784584045
1567,9481,0.8448346853256226,0.7619388699531555
1568,9483,0.8629886507987976,0.7391403317451477
1569,9484,0.8664321303367615,0.7653312683105469
1570,9485,0.7845080494880676,0.6629977822303772
1571,9486,0.8479564785957336,0.7731941342353821
1572,9487,0.8209419250488281,0.722642183303833
1573,9488,0.8617834448814392,0.7930090427398682
1574,9490,0.8599783778190613,0.7851591706275941
1575,9492,0.8284740447998047,0.7322115302085876
1576,9493,0.8697112202644348,0.7408416867256165
1577,9495,0.8039783835411072,0.7265632152557373
1578,9496,0.8375058770179749,0.7794269919395447
1579,9497,0.8547662496566772,0.7675691246986389
1580,9499,0.7673244476318359,0.7601820826530457
1581,9500,0.7903690338134766,0.7155287265777588
1582,9501,0.8128730058670044,0.6768076419830322
1583,9502,0.8612099885940552,0.7820475101470947
1584,9503,0.8673390746116638,0.7572895884513855
1585,9504,0.8748755455017091,0.800622284412384
1586,9505,0.8409715294837952,0.7626680731773376
1587,9506,0.8189933300018309,0.7971524596214294
1588,9507,0.873473048210144,0.7257267832756042
1589,9508,0.8912532925605774,0.8103811144828796
1590,9509,0.8554118871688843,0.7330681681632996
1591,9510,0.801732063293457,0.6994753479957581
1592,9511,0.8700685501098633,0.8002428412437439
1593,9512,0.8257043957710266,0.7553589344024658
1594,9513,0.8852857947349548,0.7830379009246826
1595,9515,0.903459131717682,0.8027990460395813
1596,9516,0.8260182738304138,0.7782695889472961
1597,9517,0.8614264130592346,0.8251208066940308
1598,9518,0.9202438592910768,0.7986307144165039
1599,9519,0.8852134346961975,0.8321204185485841
1600,9521,0.8830856680870056,0.7904078960418701
1601,9522,0.8424281477928162,0.7429865598678589
1602,9523,0.8256274461746216,0.7211798429489136
1603,9524,0.8920655846595764,0.8636465072631836
1604,9525,0.7575111389160156,0.6892470121383667
1605,9526,0.9016807675361632,0.7865305542945862
1606,9527,0.8849253654479979,0.8329841494560242
1607,9528,0.859685480594635,0.7688672542572021
1608,9529,0.8929910659790039,0.8172891736030579
1609,9530,0.8169127106666565,0.7382458448410034
1610,9531,0.8195688128471375,0.7527667880058289
1611,9532,0.8185990452766418,0.7641926407814026
1612,9533,0.9127517938613892,0.8283726572990417
1613,9534,0.9129539728164672,0.8516346216201782
1614,9535,0.8342785239219666,0.7738608717918396
1615,9536,0.8934018611907959,0.8109325170516968
1616,9537,0.8719324469566345,0.7708814144134521
1617,9538,0.8663133978843689,0.7796469330787659
1618,9541,0.85215824842453,0.7777707576751709
1619,9542,0.8431414365768433,0.7709017992019653
1620,9543,0.8355161547660828,0.7482820153236389
1621,9544,0.8850452303886414,0.7944542765617371
1622,9545,0.8814650177955627,0.8318517208099365
1623,9546,0.8214133381843567,0.7723322510719299
1624,9547,0.824940025806427,0.7026786804199219
1625,9548,0.8546978831291199,0.7522066831588745
1626,9549,0.8571335077285767,0.7742723226547241
1627,9550,0.8608821034431458,0.7714993953704834
1628,9551,0.9074550867080688,0.8425756096839905
1629,9552,0.8702405095100403,0.7728539109230042
1630,9553,0.8670527338981628,0.7680138945579529
1631,9554,0.8648533821105957,0.7739370465278625
1632,9555,0.8870099186897278,0.8248136043548584
1633,9556,0.8058063387870789,0.6894345283508301
1634,9557,0.9252021908760072,0.8507272005081177
1635,9558,0.821015477180481,0.7478601336479187
1636,9559,0.8995227217674255,0.8329797387123108
1637,9560,0.8199149966239929,0.7297893762588501
1638,9561,0.8777124881744385,0.810232937335968
1639,9562,0.873435378074646,0.793483555316925
1640,9564,0.8609293103218079,0.7628896832466125
1641,9565,0.9069542288780212,0.819810152053833
1642,9566,0.9015216827392578,0.8226580023765564
1643,9567,0.902701199054718,0.8277724385261536
1644,9568,0.8341808915138245,0.7197726368904114
1645,9571,0.8623335957527161,0.7618944048881531
1646,9572,0.8212842345237732,0.7445834875106812
1647,9573,0.8874699473381042,0.8094583749771118
1648,9574,0.8585521578788757,0.8146690130233765
1649,9575,0.9175376296043396,0.827050507068634
1650,9576,0.837311863899231,0.762457549571991
1651,9577,0.8707857131958008,0.7779473662376404
1652,9582,0.8963427543640137,0.7724735140800476
1653,9583,0.8636294603347778,0.7711121439933777
1654,9584,0.8258335590362549,0.7470285892486572
1655,9585,0.8990746736526489,0.8255355954170227
1656,9586,0.8900946378707886,0.7751665711402893
1657,9587,0.8370161652565002,0.7232742905616759
1658,9588,0.8865749835968018,0.8021847009658813
1659,9589,0.8832976818084717,0.7889991998672485
1660,9590,0.8461849689483643,0.7430276274681091
1661,9591,0.8893029689788818,0.7982108592987059
1662,9592,0.9025719165802002,0.8265268206596375
1663,9593,0.7841283082962036,0.6865272521972656
1664,9595,0.8967372179031372,0.7934290170669556
1665,9596,0.9020532369613647,0.8250880241394043
1666,9598,0.8395848274230957,0.7508466243743896
1667,9599,0.8514660596847534,0.7627128362655641
1668,9600,0.8544371724128723,0.7472637891769409
1669,9601,0.8920565843582153,0.7868252396583557
1670,9602,0.845519483089447,0.7677452564239502
1671,9604,0.8659573793411255,0.7552580833435059
1672,9605,0.8111902475357056,0.7184497714042664
1673,9606,0.8232864141464233,0.7376508116722107
1674,9607,0.8720025420188904,0.7808156013488771
1675,9608,0.8536288738250732,0.7279526591300964
1676,9609,0.8810859322547913,0.7754756212234497
1677,9610,0.8341453671455383,0.7529541850090027
1678,9611,0.8883689641952515,0.8163144588470459
1679,9612,0.8014419078826904,0.7583732604980469
1680,9613,0.8672416210174559,0.8112494349479675
1681,9614,0.8381437659263611,0.7970795035362244
1682,9615,0.8305178880691528,0.7777617573738098
1683,9618,0.8831952810287476,0.7980859875679016
1684,9619,0.8610254526138306,0.7763460278511047
1685,9620,0.8188877105712891,0.7139846682548523
1686,9621,0.826263427734375,0.7841598987579346
1687,9623,0.8425353765487671,0.7331076264381409
1688,9624,0.8134047389030457,0.6995643377304077
1689,9625,0.938521921634674,0.8885641098022461
1690,9627,0.9032136797904968,0.8661954998970032
1691,9628,0.8755114674568176,0.8288029432296753
1692,9630,0.8046607971191406,0.7359710931777954
1693,9631,0.8520582914352417,0.705120325088501
1694,9632,0.8493279814720154,0.7922298312187195
1695,9633,0.8792767524719238,0.8293729424476624
1696,9634,0.8149551153182983,0.7472781538963318
1697,9635,0.8366915583610535,0.7394244074821472
1698,9636,0.8165152668952942,0.7687768340110779
1699,9637,0.9306167960166932,0.8802410364151001
1700,9638,0.8951293826103209,0.8136583566665649
1701,9639,0.8158681392669678,0.7672753334045409
1702,9640,0.8929171562194824,0.8310659527778625
1703,9641,0.8261970281600952,0.757013738155365
1704,9642,0.8783105611801147,0.7965007424354553
1705,9643,0.9072280526161194,0.8323097825050354
1706,9645,0.8628432750701904,0.7698588371276855
1707,9646,0.8402516841888428,0.7761675119400024
1708,9647,0.8361873626708984,0.7972583770751953
1709,9648,0.8613040447235107,0.7842957377433777
1710,9649,0.8537464737892151,0.7585351467132568
1711,9650,0.8791701793670654,0.76902174949646
1712,9651,0.8321381211280823,0.7370086908340454
1713,9652,0.8173525929450989,0.7489972114562988
1714,9653,0.8728590607643127,0.7838471531867981
1715,9654,0.8308786153793335,0.7884159088134766
1716,9655,0.8658524751663208,0.7743096351623535
1717,9656,0.8364580869674683,0.7618913650512695
1718,9657,0.8300710320472717,0.7630940079689026
1719,9658,0.8483437299728394,0.7930530309677124
1720,9659,0.8867780566215515,0.7992910146713257
1721,9660,0.8817173838615417,0.7715094685554504
1722,9661,0.8348720073699951,0.7533270716667175
1723,9662,0.87664395570755,0.8125334382057191
1724,9663,0.8364195823669434,0.7719330191612244
1725,9665,0.8595926761627197,0.7427999377250671
1726,9667,0.8799111843109131,0.8126034140586853
1727,9668,0.8517780303955078,0.7644264698028564
1728,9670,0.9147266745567322,0.8591115474700928
1729,9671,0.8745120763778687,0.7941058874130249
1730,9672,0.8450006246566772,0.7572796940803528
1731,9673,0.7653913497924805,0.7024155259132385
1732,9674,0.8227857947349548,0.6635213494300842
1733,9675,0.8968652486801147,0.8212958574295044
1734,9676,0.8573103547096252,0.769875705242157
1735,9677,0.8495498299598694,0.7356207966804504
1736,9679,0.8810007572174072,0.7924991846084595
1737,9680,0.8409254550933838,0.7772957086563109
1738,9681,0.8828999996185303,0.805594801902771
1739,9683,0.8493658900260925,0.8081767559051514
1740,9684,0.9109324216842652,0.8184902667999268
1741,9685,0.8508144021034241,0.7551540732383728
1742,9686,0.8113721013069153,0.6920547485351562
1743,9687,0.8257222175598145,0.7157382965087891
1744,9688,0.8861318230628967,0.7952238917350769
1745,9689,0.8321105241775513,0.7353466749191284
1746,9690,0.8770921230316162,0.7815492153167725
1747,9691,0.9000157117843628,0.8108029961585999
1748,9692,0.8673860430717468,0.77491694688797
1749,9693,0.8632081151008606,0.8131847381591797
1750,9694,0.9009426832199096,0.8283824324607849
1751,9695,0.8899175524711609,0.7951368689537048
1752,9698,0.8956363201141357,0.8073344826698303
1753,9699,0.8693563342094421,0.7761528491973877
1754,9701,0.8406339883804321,0.7465799450874329
1755,9702,0.8554735779762268,0.7562775611877441
1756,9703,0.8517221808433533,0.7535095810890198
1757,9704,0.9232937693595886,0.8536602854728699
1758,9705,0.9005922079086304,0.8529722094535828
1759,9706,0.8805686235427856,0.794498085975647
1760,9707,0.9026946425437928,0.8382278084754944
1761,9708,0.8423585295677185,0.7636628150939941
1762,9709,0.8282368183135986,0.7782201170921326
1763,9710,0.9140273332595824,0.8738648295402527
1764,9711,0.8164375424385071,0.7012364268302917
1765,9712,0.8041108846664429,0.798664391040802
1766,9714,0.8060550689697266,0.7223284840583801
1767,9715,0.8951380252838135,0.8131808638572693
1768,9716,0.9223256707191468,0.8678641319274902
1769,9717,0.8940940499305725,0.7816830277442932
1770,9718,0.8533577919006348,0.7475169897079468
1771,9719,0.8281063437461853,0.7636931538581848
1772,9720,0.7257454991340637,0.6362122893333435
1773,9723,0.8526110053062439,0.7558936476707458
1774,9725,0.8309447765350342,0.7585190534591675
1775,9729,0.8441809415817261,0.7648442387580872
1776,9730,0.8676452040672302,0.7721819877624512
1777,9731,0.8571582436561584,0.7888416647911072
1778,9732,0.8966693282127379,0.7589689493179321
1779,9733,0.8711773157119751,0.7870233058929443
1780,9736,0.8834951519966125,0.8081036806106567
1781,9737,0.8657501935958862,0.7993130087852478
1782,9738,0.8668974041938782,0.7601771950721741
1783,9739,0.8513002395629883,0.7439843416213989
1784,9740,0.8676187992095947,0.7828420400619507
1785,9741,0.8087732195854187,0.7308244705200195
1786,9742,0.8511803150177002,0.7380871176719666
1787,9743,0.9119824171066284,0.8368072509765625
1788,9744,0.852199912071228,0.7473965883255005
1789,9745,0.8477081060409546,0.7668511867523193
1790,9746,0.8633278608322144,0.7454624176025391
1791,9747,0.8925169706344604,0.7839632630348206
1792,9748,0.805648922920227,0.7307584881782532
1793,9749,0.86655592918396,0.804575502872467
1794,9751,0.8376973271369934,0.7940270900726318
1795,9752,0.9071014523506165,0.8478020429611206
1796,9753,0.8471449613571167,0.7630531787872314
1797,9754,0.8481453061103821,0.7739428877830505
1798,9755,0.8460784554481506,0.7726218104362488
1799,9756,0.8387797474861145,0.753423273563385
1800,9757,0.849152684211731,0.7284206748008728
1801,9758,0.8531923294067383,0.7347708344459534
1802,9760,0.9156780838966371,0.8480629324913025
1803,9762,0.8785965442657471,0.7955396771430969
1804,9764,0.8593218922615051,0.7776885032653809
1805,9765,0.890298068523407,0.7664048671722412
1806,9766,0.8867058157920837,0.8327299356460571
1807,9767,0.8888627290725708,0.7935342192649841
1808,9768,0.8780935406684875,0.8003844022750854
1809,9769,0.8599060177803041,0.8013107180595398
1810,9771,0.8396546244621277,0.7059122323989868
1811,9772,0.8773308396339417,0.8070498108863831
1812,9773,0.8844124674797058,0.7811278700828552
1813,9776,0.8429145812988281,0.7661223411560059
1814,9778,0.8743880987167358,0.8266370892524719
1815,9779,0.8681594729423523,0.7790116667747498
1816,9780,0.8427777290344238,0.7562391757965088
1817,9781,0.9147250056266784,0.8459257483482361
1818,9782,0.8767508268356323,0.819191575050354
1819,9783,0.8635985255241394,0.7814942002296448
1820,9785,0.7604100108146667,0.6839904189109802
1821,9786,0.8862897157669067,0.77251797914505
1822,9787,0.8957024812698364,0.8351616859436035
1823,9788,0.8665210604667664,0.7565832138061523
1824,9789,0.8610002398490906,0.7791256308555603
1825,9790,0.8562019467353821,0.7552646994590759
1826,9792,0.8660897612571716,0.7821752429008484
1827,9793,0.880462646484375,0.7860270738601685
1828,9795,0.7938557863235474,0.6850197911262512
1829,9796,0.8597540855407715,0.7490085363388062
1830,9797,0.8909132480621338,0.8231579661369324
1831,9799,0.8898483514785767,0.7734495401382446
1832,9801,0.8779076337814331,0.7815375924110413
1833,9802,0.8842208385467529,0.8018587231636047
1834,9803,0.8751951456069946,0.7806084156036377
1835,9805,0.8433293700218201,0.7285611629486084
1836,9806,0.8832721114158629,0.8117199540138245
1837,9807,0.7914329767227173,0.7593600153923035
1838,9808,0.8234777450561523,0.7105609178543091
1839,9809,0.8769391179084778,0.8033760190010071
1840,9810,0.8972805738449097,0.8083038926124573
1841,9812,0.8319927453994751,0.6946550011634827
1842,9813,0.8634358048439026,0.8020093441009521
1843,9815,0.8904702067375183,0.8136754035949707
1844,9816,0.875244677066803,0.7913685441017151
1845,9819,0.8742064237594604,0.8463310599327087
1846,9820,0.852131187915802,0.7524468302726746
1847,9821,0.8595147132873535,0.7906208038330078
1848,9822,0.8786625266075134,0.8015077114105225
1849,9823,0.8640362024307251,0.7468087077140808
1850,9824,0.8647058010101318,0.7626234889030457
1851,9825,0.8903540372848511,0.8090326189994812
1852,9826,0.9021904468536376,0.8582413792610168
1853,9827,0.8697531223297119,0.7837788462638855
1854,9828,0.8422055840492249,0.7725250124931335
1855,9829,0.8512973189353943,0.7493976950645447
1856,9831,0.8867042660713196,0.8011422753334045
1857,9832,0.8793053030967712,0.7957342863082886
1858,9833,0.8484074473381042,0.7529301047325134
1859,9834,0.8683776259422302,0.789254367351532
1860,9835,0.846516489982605,0.7670097351074219
1861,9838,0.8832468390464783,0.8422362804412842
1862,9839,0.8291383385658264,0.76608806848526
1863,9840,0.7803885936737059,0.6660852432250977
1864,9842,0.7973527908325195,0.7081531286239624
1865,9843,0.7993176579475403,0.725006639957428
1866,9844,0.8676176667213441,0.7506774663925171
1867,9845,0.8677953481674194,0.7808863520622253
1868,9846,0.8692073822021484,0.7413486242294312
1869,9847,0.8076988458633423,0.7267472147941589
1870,9848,0.8400254249572754,0.7228620648384094
1871,9849,0.8464789986610413,0.7748203873634338
1872,9850,0.8550024032592773,0.767172634601593
1873,9851,0.918505311012268,0.8508518934249878
1874,9852,0.8974470496177673,0.8209517002105713
1875,9853,0.8275656700134277,0.7594032883644104
1876,9854,0.8705591559410095,0.7600448727607727
1877,9855,0.8633687496185303,0.7587469220161438
1878,9856,0.9000126123428345,0.791758120059967
1879,9857,0.9001225233078003,0.7892251014709473
1880,9858,0.8357027173042297,0.7481968998908997
1881,9859,0.8394045829772949,0.7381525635719299
1882,9860,0.9055562019348145,0.8342345356941223
1883,9861,0.9129564166069032,0.7831059694290161
1884,9862,0.8640018701553345,0.7728995680809021
1885,9864,0.8684932589530945,0.7412028908729553
1886,9870,0.8547601699829102,0.7406518459320068
1887,9871,0.8334205746650696,0.7292549014091492
1888,9872,0.8421881794929504,0.7586658000946045
1889,9873,0.8493171930313109,0.8010532259941101
1890,9874,0.8641307353973389,0.8086596727371216
1891,9875,0.8089654445648193,0.7122829556465149
1892,9876,0.8690525889396667,0.7667167186737059
1893,9877,0.9035001397132874,0.8302632570266724
1894,9878,0.8799676299095154,0.8004226684570312
1895,9879,0.8702897429466248,0.7695106267929077
1896,9881,0.8392583131790161,0.7748663425445557
1897,9883,0.8337481021881104,0.7526618242263794
1898,9884,0.8566601276397705,0.7713072299957275
1899,9885,0.87544846534729,0.7884175181388855
1900,9888,0.8724165558815002,0.7883775234222412
1901,9889,0.8895665407180786,0.8089058995246887
1902,9890,0.837551474571228,0.7709872722625732
1903,9891,0.819461464881897,0.7308987975120544
1904,9892,0.8745374083518982,0.8402901291847229
1905,9893,0.905237078666687,0.8337213397026062
1906,9894,0.8121751546859741,0.6888529658317566
1907,9895,0.8712077736854553,0.7709848284721375
1908,9896,0.8568063974380493,0.7964661121368408
1909,9897,0.917594313621521,0.8712188005447388
1910,9898,0.8833264112472534,0.8269749879837036
1911,9900,0.8400030732154846,0.7456822991371155
1912,9901,0.8773632049560547,0.7951215505599976
1913,9903,0.8749622106552124,0.8045101761817932
1914,9904,0.8941895961761475,0.8458753228187561
1915,9905,0.872078537940979,0.7827416062355042
1916,9906,0.8366518616676331,0.7462533116340637
1917,9907,0.8174121379852295,0.6906461119651794
1918,9908,0.8778747320175171,0.8080514073371887
1919,9909,0.9112899899482728,0.8400200605392456
1920,9913,0.8172275424003601,0.7203418016433716
1921,9914,0.7591345310211182,0.6457083225250244
1922,9915,0.7986529469490051,0.689590573310852
1923,9917,0.8625920414924622,0.7468346357345581
1924,9918,0.8630728721618652,0.756048321723938
1925,9920,0.8503984212875366,0.7841131091117859
1926,9923,0.8362461924552917,0.7277643084526062
1927,9925,0.8809093236923218,0.8115077614784241
1928,9926,0.9056275486946106,0.8346306681632996
1929,9927,0.931964635848999,0.8231794238090515
1930,9928,0.853429913520813,0.7785793542861938
1931,9929,0.7467627525329591,0.6401262283325195
1932,9930,0.8626832365989685,0.7947272658348083
1933,9931,0.8799934983253479,0.8047324419021606
1934,9932,0.9004411697387695,0.8228125572204591
1935,9935,0.8527730703353882,0.775761067867279
1936,9936,0.8514457941055298,0.7840703129768372
1937,9938,0.9009659886360168,0.8028129339218141
1938,9939,0.9042534232139589,0.8192510008811951
1939,9940,0.7994000315666199,0.7623559236526489
1940,9942,0.9054375886917114,0.8502351641654968
1941,9943,0.8567227721214294,0.7720100283622742
1942,9944,0.8443130850791931,0.7531905770301819
1943,9945,0.8893725872039795,0.8229571580886841
1944,9946,0.8576216101646423,0.7191121578216553
1945,9948,0.8523577451705933,0.7439113855361938
1946,9949,0.8706019520759583,0.7833590507507324
1947,9950,0.9233115911483764,0.8445008397102356
1948,9951,0.8764720559120178,0.7773612737655641
1949,9952,0.8448320031166077,0.7566119432449341
1950,9954,0.8916476964950562,0.7947573661804199
1951,9956,0.8076266050338745,0.7061646580696106
1952,9957,0.8768466711044312,0.8178486824035645
1953,9958,0.8554589152336121,0.7726344466209412
1954,9959,0.8388341665267944,0.7353378534317017
1955,9960,0.8851736783981323,0.7916001081466675
1956,9961,0.8646368384361267,0.7690538167953491
1957,9963,0.7881566286087036,0.6868098974227905
1958,9964,0.8905197381973267,0.8725854158401489
1959,9965,0.9113596677780152,0.8315876126289368
1960,9966,0.8634927272796631,0.8001355528831482
1961,9967,0.8083765506744385,0.7865208387374878
1962,9968,0.8701503872871399,0.7719155550003052
1963,9969,0.8267465829849243,0.7147919535636902
1964,9970,0.873695969581604,0.8096369504928589
1965,9971,0.9235693216323853,0.8157092928886414
1966,9972,0.8882973790168762,0.7864536046981812
1967,9974,0.7754886150360107,0.652269721031189
1968,9975,0.8847914934158325,0.7946229577064514
1969,9976,0.8518493771553041,0.7497923374176025
1970,9977,0.8447210192680359,0.7324957847595215
1971,9980,0.8329584002494812,0.7574509382247925
1972,9981,0.8420928120613098,0.7603379487991333
1973,9982,0.7911524772644043,0.6637538075447083
1974,9983,0.902144491672516,0.8282327651977539
1975,9984,0.8409101963043213,0.7928956151008606
1976,9985,0.8165557980537415,0.7170028090476991
1977,9986,0.8514785766601562,0.7487443089485168
1978,9987,0.8069820404052734,0.7006559371948242
1979,9988,0.8846635818481445,0.7892618775367737
1980,9989,0.7797278165817261,0.6929813027381897
1981,9990,0.9109924435615541,0.8494774103164673
1982,9991,0.8531610369682312,0.7470881938934326
1983,9992,0.8782050609588623,0.7984735369682312
1984,9993,0.8648785948753357,0.7741669416427612
1985,9994,0.8254781365394592,0.74704909324646
1986,9995,0.8574775457382202,0.7288615107536316
1987,9996,0.8571664094924927,0.779271125793457
1988,9997,0.8661701679229736,0.7706864476203918
1989,9998,0.8189875483512878,0.6923415660858154
1990,9999,0.8121755719184875,0.7077988982200623
1991,10000,0.8626489639282227,0.7498494386672974
1992,10001,0.8729906678199768,0.7769765853881836
1993,10002,0.8884037137031555,0.8044592142105103
1994,10003,0.8421564698219299,0.7293282151222229
1995,10004,0.8747819066047668,0.7647407650947571
1996,10005,0.8973158001899719,0.8192472457885742
1997,10006,0.8818845152854919,0.7647997140884399
1998,10007,0.8866058588027954,0.8385521769523621
1999,10008,0.9245750308036804,0.8182821273803711
